FW29277,1,3/1/2022,Jennifer Taylor,marytrevino@huff.com,Foam Roller,3,59.97,4.4567
FW21126,1,10/19/2022,Ashley Jones,susanfranklin@gmail.com,"Jump Rope, Speed",3,44.97,3.6009
FW43628,1,4/2/2022,Jillian Munoz,cartermatthew@gmail.com,Adjustable Bench,3,329.97,25.0005
FW42234,1,3/2/2022,Michelle Lara,uharrison@hotmail.com,Adjustable Bench,2,219.98,14.4876
FW64901,1,10/18/2022,Gregory Carson,tashacarter@kerr.com,Smart Weighing Scale,2,119.98,9.7306
FW81514,1,5/18/2022,Sean Chapman,madison25@hill-newman.com,"Kettlebell, 20lb",1,49.99,3.6158
FW16399,1,6/8/2022,Susan Jones,jacob18@gmail.com,Treadmill Lubricant,3,37.47,2.6766
FW72530,1,8/21/2022,Kim Reed,qbutler@hotmail.com,"Jump Rope, Speed",2,29.98,2.2239
FW61043,1,8/25/2022,Victoria Edwards,grayphilip@green.net,Adjustable Bench,3,329.97,23.1559
FW69727,1,6/6/2022,Gabriel Leblanc,harperdebbie@hotmail.com,Pilates Ring,3,53.97,3.5763
FW89723,1,4/7/2022,Terri Hughes,wilsonryan@hotmail.com,Pilates Ring,3,53.97,3.3309
FW90841,1,12/12/2022,Victoria Rodriguez,angelaperez@hotmail.com,Foam Roller,2,39.98,2.8473
FW58087,1,7/12/2022,Lawrence Jones,sara07@coleman.org,"Exercise Ball, 65cm",2,45.98,3.8389
FW13564,1,7/29/2022,Jeffrey Price,deansmith@massey.com,"Exercise Ball, 65cm",1,22.99,1.3808
FW15535,1,8/13/2022,Jean Sanchez,fcervantes@gmail.com,Treadmill Lubricant,2,24.98,2.1197
FW20845,1,2/25/2022,Kaitlin Pope,danielsjason@jones.com,Adjustable Bench,1,109.99,9.0286
FW81145,1,8/30/2022,Michele Jackson,lindahughes@ayers.info,"Yoga Mat, Eco",1,24.99,1.6202
FW41601,1,3/3/2022,Yesenia Perry,marymejia@williams-wilson.com,Adjustable Bench,2,219.98,16.7931
FW59088,1,2/9/2022,Maurice Mclean,jonathan40@gmail.com,Resistance Bands Set,3,119.97,10.3661
FW80712,1,3/10/2022,Erika Frazier,heathermoore@hotmail.com,"Kettlebell, 20lb",2,99.98,6.8735
FW46620,1,11/27/2022,Brenda Frazier,samantha81@yahoo.com,Pull-Up Bar,3,104.97,8.7542
FW26676,1,2/19/2022,Michelle Dickerson,andrea01@james-flores.info,Pilates Ring,3,53.97,4.8421
FW19026,1,11/9/2022,Denise Ryan,floreskaren@yahoo.com,Smart Weighing Scale,2,119.98,8.625
FW81636,1,6/23/2022,Thomas Shepherd,julie83@gmail.com,Resistance Bands Set,1,39.99,3.0134
FW40604,1,6/24/2022,David Hensley,larrylove@james-moody.net,Fitness Tracker Band,2,179.98,12.4546
FW81818,1,4/14/2022,Brad Wright,brian57@gmail.com,Adjustable Dumbbells,3,389.97,28.1586
FW58619,1,4/20/2022,Samuel Wilson,smithbridget@gmail.com,"Jump Rope, Speed",1,14.99,0.9706
FW35247,1,5/10/2022,Patrick Stephenson,jbowers@yahoo.com,Fitness Tracker Band,1,89.99,6.6103
FW84024,1,9/13/2022,Sheena Gentry,pamela69@hotmail.com,Fitness Tracker Band,1,89.99,7.6514
FW23285,1,4/29/2022,Jose Morgan,davidprince@hotmail.com,"Ankle Weights, Pair",3,83.97,6.3967
FW96518,1,12/27/2022,Dakota Thompson,tgreen@yahoo.com,"Kettlebell, 20lb",1,49.99,3.1661
FW91005,1,8/13/2022,Daniel Allen,smithjames@yahoo.com,Fitness Tracker Band,3,269.97,18.2067
FW90564,1,7/23/2022,Jamie Nelson,wmaddox@riddle.com,Pull-Up Bar,1,34.99,2.5104
FW10251,1,3/24/2022,Frank Trujillo,ltaylor@allen.info,"Kettlebell, 20lb",2,99.98,7.1921
FW16830,1,5/26/2022,Tiffany Kelley,crystaldalton@yahoo.com,Treadmill Lubricant,3,37.47,2.856
FW97740,1,1/5/2022,Mark Rodriguez,tlee@smith.com,Pull-Up Bar,3,104.97,8.7408
FW92953,1,3/6/2022,Lori Brown,xking@hill.info,Pull-Up Bar,1,34.99,2.4059
FW54458,1,12/17/2022,Teresa Barber,williamsrichard@yahoo.com,"Exercise Ball, 65cm",3,68.97,5.5487
FW49417,1,9/7/2022,Joel Johns,sneal@yahoo.com,"Jump Rope, Speed",2,29.98,2.1349
FW76000,1,7/18/2022,Alicia Cook,katherine53@crane-moyer.biz,Massage Gun,3,419.97,30.9808
FW35536,1,5/17/2022,Mark King,mbauer@yahoo.com,Pilates Ring,1,17.99,1.5142
FW41157,1,11/15/2022,Amy Jackson,lisareyes@gmail.com,"Ankle Weights, Pair",2,55.98,3.4102
FW83223,1,2/23/2022,Scott Dominguez,jasonlucas@hotmail.com,Massage Gun,2,279.98,24.1007
FW84246,1,3/10/2022,Matthew Dixon,tracybryant@green.com,"Exercise Ball, 65cm",2,45.98,3.596
FW12157,1,6/17/2022,Angela Holmes,wendybrown@gmail.com,"Jump Rope, Speed",1,14.99,0.9217
FW50638,1,1/22/2022,Samuel Gonzalez,gary76@gmail.com,Adjustable Bench,1,109.99,8.1705
FW65479,1,2/9/2022,Roberta Barton,thoward@gmail.com,Massage Gun,1,139.99,11.4499
FW35878,1,11/18/2022,Kyle Russo,john15@lutz.org,"Jump Rope, Speed",3,44.97,3.8494
FW96961,1,2/13/2022,Robert Levy,brian34@yahoo.com,Treadmill Lubricant,1,12.49,0.8219
FW88311,1,10/4/2022,Steven Page,bethanytorres@berger.com,Foam Roller,1,19.99,1.3314
FW74610,1,7/11/2022,Elizabeth Gallagher,mbuchanan@yahoo.com,Pull-Up Bar,1,34.99,2.6489
FW24863,1,11/7/2022,Chad Knapp,thompsonjill@hotmail.com,"Jump Rope, Speed",1,14.99,0.9565
FW75958,1,10/15/2022,Matthew Boyer,davidsonapril@gmail.com,Treadmill Lubricant,1,12.49,1.0036
FW68862,1,4/12/2022,Claire Morrison,joneswilliam@hotmail.com,"Kettlebell, 20lb",1,49.99,3.7409
FW87858,1,8/1/2022,Wendy Huff,carlawhite@gmail.com,"Kettlebell, 20lb",2,99.98,8.3442
FW67428,1,7/19/2022,Susan Calderon,michellewilson@yahoo.com,Adjustable Dumbbells,2,259.98,16.1228
FW47378,1,2/27/2022,Steven Smith,rachelbeck@adams.com,Pilates Ring,3,53.97,4.4023
FW74816,1,2/25/2022,Damon Smith,bradleychapman@gmail.com,Pull-Up Bar,3,104.97,8.8955
FW50030,1,8/8/2022,Joshua Williams,ywheeler@lewis-jones.com,Resistance Bands Set,1,39.99,2.6906
FW66029,1,5/5/2022,Martin Hernandez,jason45@gmail.com,"Jump Rope, Speed",1,14.99,1.2402
FW60914,1,10/31/2022,Brandon Bailey,hparker@hotmail.com,"Kettlebell, 20lb",1,49.99,4.2999
FW26052,1,5/12/2022,Shawn Garcia,steven39@graves.biz,Treadmill Lubricant,2,24.98,2.1161
FW78681,1,1/11/2022,Thomas Jones,michael42@yahoo.com,Foam Roller,1,19.99,1.6241
FW82636,1,8/11/2022,Dr. Michael Diaz DDS,lopezrhonda@mccall-williams.com,"Kettlebell, 20lb",3,149.97,12.7412
FW67798,1,3/22/2022,Richard Olson,shannon71@salinas-nichols.com,Massage Gun,1,139.99,10.4733
FW14688,1,4/4/2022,Cynthia Ramirez,qsalazar@yahoo.com,Adjustable Dumbbells,3,389.97,28.4885
FW50478,1,5/15/2022,Alicia Avila,michael52@yahoo.com,Treadmill Lubricant,2,24.98,2.1947
FW30643,1,5/2/2022,Terri Simmons,johnsondavid@rogers-wilcox.org,"Yoga Mat, Eco",3,74.97,6.2023
FW61663,1,12/28/2022,James Lowery,jimcollier@wilson.com,Foam Roller,2,39.98,3.1345
FW95142,1,1/8/2022,Paula Brown,bakeralec@macias.com,Foam Roller,1,19.99,1.2442
FW80054,1,9/5/2022,Jessica Casey,fpotter@hess.info,Foam Roller,1,19.99,1.567
FW28069,1,6/28/2022,Aaron Johnson,sherry27@vang.net,"Ankle Weights, Pair",1,27.99,2.1184
FW97373,1,1/10/2022,Michael Callahan,jillharris@yahoo.com,Foam Roller,3,59.97,4.6894
FW49920,1,7/28/2022,Kevin Evans,jasmine14@yahoo.com,"Jump Rope, Speed",2,29.98,2.5202
FW27886,1,4/9/2022,Patricia Wilson,wesley81@yahoo.com,Treadmill Lubricant,1,12.49,1.0216
FW88691,1,9/18/2022,Benjamin Doyle,lcarr@garrison.biz,Adjustable Bench,1,109.99,9.0588
FW79488,1,5/3/2022,Jacob Casey,idorsey@yahoo.com,Pilates Ring,1,17.99,1.1155
FW56373,1,10/14/2022,Russell Stone,ksolis@yahoo.com,Adjustable Dumbbells,1,129.99,9.1652
FW96541,1,11/30/2022,Joseph Rosario,ggilbert@yahoo.com,"Yoga Mat, Eco",3,74.97,4.5458
FW96420,1,4/8/2022,Anthony Fitzpatrick MD,qklein@johnson.com,Adjustable Dumbbells,1,129.99,9.7904
FW34929,1,4/23/2022,Arthur Morton,tanyaolsen@powers-vazquez.com,Adjustable Dumbbells,1,129.99,11.2586
FW91984,1,4/12/2022,Crystal Smith,xsharp@hotmail.com,Adjustable Bench,3,329.97,28.5844
FW75070,1,7/12/2022,Maria Clark,sstephens@rose.com,"Kettlebell, 20lb",1,49.99,3.4263
FW69835,1,3/22/2022,Christopher Hart,jessicarodriguez@yahoo.com,Massage Gun,1,139.99,11.474
FW12598,1,11/21/2022,Joshua Edwards,amybush@wilson-wallace.com,Foam Roller,1,19.99,1.3186
FW50425,1,1/24/2022,Nicole Wilkins,jesus62@gmail.com,"Yoga Mat, Eco",1,24.99,1.502
FW39933,1,10/6/2022,Rebecca Martin,dana80@hess-haney.biz,Smart Weighing Scale,1,59.99,4.0539
FW61317,1,1/26/2022,Angela Ward,mark09@stone-lopez.org,"Kettlebell, 20lb",2,99.98,6.8915
FW59818,1,7/27/2022,Lauren Mcclure,duncanchristopher@yahoo.com,"Exercise Ball, 65cm",1,22.99,1.781
FW38438,1,12/10/2022,Shannon Hunter,alexanderbill@cooper.com,"Yoga Mat, Eco",3,74.97,4.7731
FW74075,1,3/31/2022,Tami Mendoza,omorgan@hotmail.com,Adjustable Dumbbells,2,259.98,23.0787
FW82752,1,3/14/2022,Sarah Carroll,krodriguez@hanna.com,Treadmill Lubricant,2,24.98,2.119
FW36767,1,7/13/2022,Melinda Johnson,nelsongeorge@lopez-miles.com,Pull-Up Bar,2,69.98,6.2487
FW94484,1,1/10/2022,Penny Garcia,jessica85@hotmail.com,Smart Weighing Scale,1,59.99,4.7973
FW85706,1,9/21/2022,Carla Walker,uburke@gmail.com,Adjustable Dumbbells,1,129.99,9.6519
FW38683,1,4/21/2022,Steven Williams,dennis06@johnson.com,Resistance Bands Set,1,39.99,2.6921
FW29658,1,10/2/2022,Kristopher Vasquez,kmills@gordon.info,Foam Roller,2,39.98,3.0928
FW11440,1,7/19/2022,Laura Zhang,amandabennett@yahoo.com,Foam Roller,2,39.98,2.5548
FW50293,1,1/21/2022,Dennis Escobar,danielle23@brooks.com,Resistance Bands Set,3,119.97,10.3733
FW71596,1,8/12/2022,Andrew Cooper,andersonanthony@yahoo.com,Adjustable Dumbbells,1,129.99,9.9579
FW60663,1,4/19/2022,Nicholas Li,burnsstacy@ayala.com,Adjustable Bench,3,329.97,23.5484
FW32315,1,12/27/2022,Joseph Alvarez,jasmine48@barnett-davis.com,Resistance Bands Set,3,119.97,10.2847
FW77563,1,3/16/2022,Paige Williams,masonsue@yahoo.com,Pull-Up Bar,1,34.99,2.8531
FW10073,1,8/4/2022,Bryan Collins,wilsonmatthew@yahoo.com,Massage Gun,3,419.97,28.392
FW21840,1,8/8/2022,Angel Rogers,maynardjeffrey@hotmail.com,"Exercise Ball, 65cm",3,68.97,4.785
FW27146,1,8/16/2022,Christopher Lopez,cooperpaul@gmail.com,"Ankle Weights, Pair",2,55.98,3.4152
FW49624,1,11/29/2022,Cynthia Anderson,gbarnett@hotmail.com,Treadmill Lubricant,3,37.47,2.374
FW40768,1,7/10/2022,Brooke Walker,gthomas@hotmail.com,Adjustable Dumbbells,3,389.97,34.5711
FW73898,1,6/21/2022,Steven Miller,deanna96@hotmail.com,Fitness Tracker Band,2,179.98,12.3663
FW84210,1,1/9/2022,David Figueroa,cassidy43@smith-coleman.com,"Jump Rope, Speed",1,14.99,1.0981
FW14261,1,9/25/2022,Jennifer Becker,oeverett@sims.com,"Kettlebell, 20lb",1,49.99,4.1591
FW27151,1,1/3/2022,Stephanie Phelps,janetsmith@clark.com,Pilates Ring,1,17.99,1.3092
FW11822,1,9/28/2022,Lisa Howell,layala@hotmail.com,Pilates Ring,1,17.99,1.5298
FW76691,1,8/22/2022,Jonathan Hall,vasquezholly@mendoza-curtis.biz,Fitness Tracker Band,1,89.99,7.6337
FW22871,1,7/27/2022,Terry Dixon,aaronroberts@hotmail.com,Pull-Up Bar,3,104.97,7.8896
FW85598,1,7/21/2022,Michael Peters,mercerstephanie@yahoo.com,Adjustable Bench,1,109.99,9.3474
FW95208,1,10/12/2022,Amanda Robinson,xhuffman@yahoo.com,Pilates Ring,1,17.99,1.4383
FW75242,1,10/3/2022,Amy Santiago,randy42@hays-carrillo.com,"Exercise Ball, 65cm",1,22.99,1.8656
FW91506,1,1/6/2022,Mark Cruz,jimenezwilliam@hotmail.com,"Exercise Ball, 65cm",2,45.98,3.8866
FW80916,1,1/5/2022,Kara Shaw,dianastephenson@hotmail.com,"Jump Rope, Speed",3,44.97,3.3269
FW19259,1,12/10/2022,Corey King,richardgarcia@castro.com,Adjustable Dumbbells,1,129.99,11.6539
FW48165,1,7/10/2022,Tammy Nguyen,mrivers@mills.com,Foam Roller,2,39.98,3.442
FW57034,1,3/6/2022,Jeffrey White,thompsonanthony@gmail.com,Foam Roller,2,39.98,3.2964
FW57684,1,6/6/2022,John Martinez,marcus88@gmail.com,"Yoga Mat, Eco",3,74.97,4.8958
FW48488,1,1/7/2022,Kimberly Zamora,fisherkeith@yahoo.com,"Ankle Weights, Pair",3,83.97,7.0123
FW25916,1,7/29/2022,Paul Maynard,grayjohn@rogers.com,"Ankle Weights, Pair",3,83.97,6.1583
FW84175,1,11/24/2022,David Davis,jgibson@gmail.com,Resistance Bands Set,2,79.98,5.4151
FW59622,1,7/11/2022,Nathan Harrison,jennifer50@gmail.com,Adjustable Dumbbells,2,259.98,17.6968
FW43015,1,6/10/2022,Rachel Pratt,brett42@hotmail.com,Adjustable Bench,3,329.97,25.3663
FW68179,1,3/10/2022,Ryan Moore,matthewpotter@santos.com,Treadmill Lubricant,1,12.49,0.857
FW98221,1,5/15/2022,Holly Hayes,david09@shaw-andrade.info,"Jump Rope, Speed",2,29.98,2.2954
FW62692,1,3/31/2022,James Wang,eric86@king-small.biz,"Ankle Weights, Pair",2,55.98,4.269
FW14945,1,5/8/2022,Joseph Watts,ryanjennifer@yahoo.com,Resistance Bands Set,1,39.99,2.7446
FW75648,1,12/29/2022,Shannon Mccormick,amyanderson@hotmail.com,Treadmill Lubricant,3,37.47,2.8104
FW79298,1,6/4/2022,Kristi Dickerson,judith99@wolfe.com,"Ankle Weights, Pair",2,55.98,4.1286
FW81223,1,3/20/2022,Ricky Hernandez,michellesmith@howell-jones.biz,"Kettlebell, 20lb",2,99.98,8.913
FW34436,1,1/14/2022,Mathew Rogers,martinrobert@ford.com,Resistance Bands Set,2,79.98,4.8927
FW30875,1,11/3/2022,Holly Wilson,gloverdaniel@gmail.com,"Yoga Mat, Eco",1,24.99,1.6789
FW59070,1,8/7/2022,Matthew Clark,john33@jones.com,Resistance Bands Set,1,39.99,2.3999
FW36934,1,5/20/2022,Casey Jimenez,stewartmichelle@jackson.com,Massage Gun,3,419.97,28.742
FW72582,1,5/26/2022,Lori James,jeffrey45@harper.com,"Kettlebell, 20lb",3,149.97,12.9545
FW37319,1,7/26/2022,Marissa Johnson,chelsea45@hotmail.com,"Exercise Ball, 65cm",1,22.99,1.9094
FW30688,1,4/20/2022,Christopher Marquez,reneeedwards@gmail.com,Smart Weighing Scale,3,179.97,13.1618
FW19021,1,9/5/2022,Logan Allen,iwatts@butler.net,"Exercise Ball, 65cm",1,22.99,1.4561
FW46915,1,4/9/2022,Eric Henry,elizabeth30@yahoo.com,"Yoga Mat, Eco",2,49.98,3.861
FW37292,1,3/28/2022,Trevor Baker,linda46@estrada.com,Adjustable Bench,2,219.98,19.4695
FW44480,1,7/12/2022,Brenda Zhang,uphillips@peterson.com,"Yoga Mat, Eco",1,24.99,2.1476
FW86968,1,5/19/2022,Laura Nelson,laurieporter@hotmail.com,"Yoga Mat, Eco",1,24.99,2.1275
FW62853,1,8/16/2022,Robin Mitchell,rileylindsay@randolph-brown.com,Smart Weighing Scale,2,119.98,7.2558
FW95495,1,7/29/2022,Edward Hammond,ihenderson@hotmail.com,Pilates Ring,3,53.97,4.7754
FW66993,1,1/3/2022,Angel Bush,fpatton@willis.net,"Kettlebell, 20lb",2,99.98,8.0739
FW58382,1,6/8/2022,Nicole Perkins,cdowns@schwartz.com,"Yoga Mat, Eco",2,49.98,3.0514
FW66998,1,6/6/2022,Brianna Gonzales,kknox@hotmail.com,Pull-Up Bar,3,104.97,8.7154
FW52817,1,12/30/2022,Kathleen Bullock,juliaaguirre@johnson.com,Massage Gun,2,279.98,19.9159
FW16065,1,6/2/2022,Jeffery Stanley,jefferydavies@howard-dixon.net,Pilates Ring,1,17.99,1.1329
FW75316,1,1/6/2022,John Clark,donovanjason@jones-davidson.com,"Yoga Mat, Eco",2,49.98,3.1683
FW65631,1,11/10/2022,Carlos Wolfe,jobrien@scott.com,"Kettlebell, 20lb",1,49.99,4.1815
FW83939,1,10/21/2022,Michelle Thomas,aferguson@hotmail.com,Massage Gun,1,139.99,8.552
FW93060,1,11/27/2022,Denise Macias,joshuagarcia@yahoo.com,Fitness Tracker Band,3,269.97,22.5844
FW89983,1,9/18/2022,Robert Martin,nicholskara@maddox.com,Massage Gun,2,279.98,18.5842
FW15144,1,6/18/2022,Brian Silva,fsmith@george-jordan.com,"Exercise Ball, 65cm",1,22.99,1.6975
FW12678,1,3/4/2022,Shane Jones DVM,uknight@hotmail.com,Pilates Ring,2,35.98,2.7915
FW81436,1,3/29/2022,Robert Norris,henrymelissa@price-johnston.net,"Yoga Mat, Eco",1,24.99,1.8511
FW85366,1,3/1/2022,Jacob Haney,esanchez@miller-cook.com,"Yoga Mat, Eco",3,74.97,6.7328
FW85738,1,6/20/2022,Pamela Cooke,gregorymargaret@taylor.com,Adjustable Bench,3,329.97,28.2221
FW93376,1,1/14/2022,Danielle Moreno,zoelane@torres.com,Adjustable Bench,3,329.97,22.2593
FW66974,1,5/1/2022,Brittany Young,vwheeler@hotmail.com,"Yoga Mat, Eco",3,74.97,4.8705
FW70203,1,5/13/2022,William Hill,johnsonsamantha@owens-stewart.org,"Exercise Ball, 65cm",2,45.98,2.7938
FW56125,1,12/12/2022,Chelsea Maddox,nnelson@hoffman-young.com,Treadmill Lubricant,2,24.98,1.9804
FW70931,1,1/9/2022,Hayley Rodriguez,joseph33@hotmail.com,Smart Weighing Scale,2,119.98,7.3912
FW51130,1,8/31/2022,Kelly Franco,jacob07@gutierrez-chambers.com,Treadmill Lubricant,1,12.49,0.8595
FW64400,1,3/11/2022,Clinton Payne,sheryl44@gmail.com,Adjustable Dumbbells,3,389.97,25.649
FW78164,1,5/4/2022,Elizabeth Lawson,fhubbard@greer.org,Adjustable Bench,2,219.98,15.7475
FW17892,1,1/6/2022,Kenneth Sanchez,wlynn@richardson-nelson.net,"Exercise Ball, 65cm",2,45.98,3.3808
FW94858,1,4/2/2022,Nicole Graham,patrick91@yahoo.com,Adjustable Dumbbells,1,129.99,11.3406
FW60404,1,6/23/2022,Krista Roman,thomascooper@gmail.com,Fitness Tracker Band,2,179.98,12.5526
FW46898,1,10/14/2022,Joe Miller,kingrussell@stark.biz,Fitness Tracker Band,2,179.98,16.1944
FW57428,1,2/16/2022,Kaylee Ross,melissa13@johnson.net,Smart Weighing Scale,1,59.99,3.832
FW89725,1,12/4/2022,Gregory Hoffman,ahogan@yahoo.com,Pilates Ring,1,17.99,1.2484
FW33760,1,1/5/2022,Jessica Murphy,porteralexandra@gmail.com,Resistance Bands Set,3,119.97,8.7182
FW47367,1,11/3/2022,Mario Ballard,andrewmitchell@hotmail.com,"Kettlebell, 20lb",3,149.97,12.0309
FW41826,1,10/21/2022,Chloe Berry,baileycorey@smith.com,Pull-Up Bar,2,69.98,5.683
FW46356,1,4/29/2022,Tony Mcfarland,boyertimothy@hotmail.com,"Jump Rope, Speed",1,14.99,1.1044
FW33433,1,1/17/2022,Sandra Moore,ybarnes@wells-wilkins.com,"Kettlebell, 20lb",3,149.97,13.3373
FW36016,1,5/25/2022,Daniel Ruiz,kylebates@gmail.com,Pilates Ring,3,53.97,4.7743
FW49193,1,9/5/2022,Renee Thornton,kingroberto@dixon.com,Treadmill Lubricant,2,24.98,1.7306
FW10521,1,1/20/2022,Ronald Hull,matthew08@johnson.com,Pilates Ring,2,35.98,3.0372
FW79430,1,10/23/2022,Erin Bailey,longjessica@gonzalez.com,Foam Roller,2,39.98,2.6355
FW16117,1,5/3/2022,Christopher Mueller,plopez@gmail.com,"Exercise Ball, 65cm",2,45.98,3.1288
FW66324,1,7/21/2022,Jeanette Howe,princesean@walker.com,Adjustable Dumbbells,2,259.98,22.3535
FW61393,1,3/2/2022,Christian Colon,smithmartha@davis.com,"Exercise Ball, 65cm",3,68.97,4.6483
FW18931,1,12/8/2022,Edward Brown,pjohnson@walsh.com,Smart Weighing Scale,1,59.99,4.2089
FW59356,1,8/20/2022,Ruben Shields DVM,rileylawrence@yahoo.com,"Ankle Weights, Pair",1,27.99,1.7614
FW59099,1,1/19/2022,Marcus Rivera,rachel51@yahoo.com,Foam Roller,1,19.99,1.6669
FW10797,1,3/3/2022,Robert Kelly,jonathan81@kelley.com,Fitness Tracker Band,1,89.99,5.9659
FW11758,1,12/23/2022,Laura Smith,jenniferramirez@dyer.org,Foam Roller,2,39.98,2.8799
FW92485,1,5/20/2022,Lindsey Clark,colonallen@gmail.com,"Ankle Weights, Pair",2,55.98,3.8411
FW43810,1,6/25/2022,David Ellis,kellyanderson@yahoo.com,"Yoga Mat, Eco",3,74.97,6.4048
FW14072,1,7/11/2022,Terri Ellis,katie12@mahoney.net,Pilates Ring,1,17.99,1.331
FW63384,1,4/28/2022,Michael Johnson,stoneluke@hotmail.com,Fitness Tracker Band,1,89.99,5.4726
FW75588,1,12/13/2022,Jesse Alvarez,xspears@cohen.com,Treadmill Lubricant,1,12.49,0.7842
FW93777,1,3/23/2022,Sarah Hansen,kingjohn@allen.com,Fitness Tracker Band,3,269.97,20.142
FW35989,1,2/12/2022,Richard Jones,isabelwilliams@gmail.com,Treadmill Lubricant,2,24.98,1.5202
FW77984,1,1/9/2022,Scott Burton,amyjohnson@yahoo.com,"Exercise Ball, 65cm",1,22.99,1.4924
FW68817,1,1/27/2022,David Miller,kennethhaynes@hotmail.com,"Exercise Ball, 65cm",1,22.99,1.9624
FW38463,1,6/25/2022,Lori Rasmussen,littlestephen@hicks-adams.info,"Kettlebell, 20lb",2,99.98,8.6546
FW10539,1,4/20/2022,Meghan Willis,stephanie36@gmail.com,Foam Roller,2,39.98,3.2717
FW41713,1,6/13/2022,Jasmine Weiss,castillocindy@turner.com,Adjustable Dumbbells,2,259.98,16.8221
FW71436,1,12/13/2022,Brenda Bean,wigginsjay@mitchell.info,"Yoga Mat, Eco",3,74.97,5.9799
FW48615,1,9/9/2022,Ryan Johnson,mallorygreen@yahoo.com,Pull-Up Bar,2,69.98,5.9223
FW89030,1,1/22/2022,Mrs. Ann Moore,paulkeller@gmail.com,"Yoga Mat, Eco",2,49.98,3.3525
FW16590,1,11/17/2022,Ms. Traci Bennett,victoriahamilton@roberts-mckee.org,"Exercise Ball, 65cm",3,68.97,5.4291
FW12472,1,2/13/2022,Erika Whitehead,henrypowers@yahoo.com,Pull-Up Bar,3,104.97,6.9872
FW24912,1,7/25/2022,Holly Gill MD,angelblankenship@hotmail.com,Massage Gun,1,139.99,9.8077
FW13367,1,2/10/2022,Jennifer Garcia,brittanymunoz@lawson.net,"Yoga Mat, Eco",2,49.98,3.5767
FW98268,1,5/24/2022,Bailey Tanner,patelmichael@yahoo.com,"Jump Rope, Speed",1,14.99,0.918
FW40515,1,11/23/2022,Christina Gentry,brian79@rogers-wells.biz,Fitness Tracker Band,3,269.97,18.2114
FW48318,1,2/24/2022,Amy Johnson,james66@anderson.org,"Exercise Ball, 65cm",3,68.97,4.4309
FW57314,1,4/7/2022,Christopher Miller,jphillips@hotmail.com,Treadmill Lubricant,2,24.98,1.8644
FW99723,1,8/24/2022,Mary Haynes,kelly99@martin.com,Pull-Up Bar,2,69.98,5.2845
FW31032,1,9/13/2022,Scott Proctor,vmorton@hotmail.com,Pilates Ring,1,17.99,1.5214
FW79295,1,9/27/2022,Raven Torres,robin11@garcia-carlson.com,Foam Roller,1,19.99,1.6333
FW20576,1,12/23/2022,Robert Miller,alexandriarussell@yahoo.com,"Exercise Ball, 65cm",2,45.98,3.9566
FW79569,1,1/13/2022,Kimberly Dalton,jacknoble@kemp-walker.com,"Yoga Mat, Eco",3,74.97,5.2515
FW57186,1,6/12/2022,Amber Huff,dianagentry@cooper.info,Foam Roller,2,39.98,2.4082
FW38747,1,8/10/2022,Wesley Brown,longedward@gmail.com,"Yoga Mat, Eco",1,24.99,1.5114
FW74117,1,7/21/2022,Wendy Sullivan,vcruz@hotmail.com,"Jump Rope, Speed",3,44.97,2.7173
FW86821,1,6/29/2022,Rebecca Carrillo,gfrazier@yahoo.com,Resistance Bands Set,3,119.97,10.7443
FW93128,1,5/6/2022,Michael Case,kwalker@gmail.com,Massage Gun,3,419.97,37.5148
FW63260,1,12/27/2022,Julie Brown,benitezstephanie@robinson.net,"Exercise Ball, 65cm",1,22.99,1.4411
FW64488,1,6/20/2022,Morgan Jensen,nina30@hotmail.com,Smart Weighing Scale,3,179.97,10.9202
FW15553,1,10/26/2022,Wayne Rivera,colonlauren@hotmail.com,Pull-Up Bar,3,104.97,7.8395
FW60398,1,10/20/2022,Kelsey Jenkins,ariasjames@carr.net,Smart Weighing Scale,3,179.97,14.7045
FW60286,1,1/5/2022,Jennifer Walters,brownlucas@hotmail.com,"Exercise Ball, 65cm",1,22.99,1.612
FW92845,1,2/11/2022,Joseph Barr,zjohnson@yahoo.com,Adjustable Dumbbells,2,259.98,18.6924
FW31052,1,10/3/2022,Karen Griffin,amandaday@yahoo.com,"Kettlebell, 20lb",3,149.97,10.5844
FW52383,1,4/7/2022,Edward Martinez,daniel26@walker.com,Pull-Up Bar,3,104.97,7.4718
FW38856,1,6/15/2022,Suzanne Williams,sherman@mcclure.com,"Ankle Weights, Pair",3,83.97,5.877
FW68863,1,8/13/2022,William Miller,richard89@brooks.com,Fitness Tracker Band,2,179.98,14.1978
FW76822,1,11/19/2022,Allison Brown,mcollins@yahoo.com,"Exercise Ball, 65cm",3,68.97,5.7584
FW25180,1,1/14/2022,Paula Jensen,bradley14@rivas.com,"Kettlebell, 20lb",2,99.98,7.4019
FW77741,1,5/26/2022,Joseph Ward,simmonsdaniel@gmail.com,Pilates Ring,2,35.98,2.5139
FW68259,1,4/15/2022,Kimberly Finley,zacharycollins@hotmail.com,Adjustable Bench,1,109.99,9.0781
FW16898,1,1/4/2022,Stacey Shaffer,zstephens@hotmail.com,Pilates Ring,2,35.98,2.4528
FW79056,1,1/6/2022,Erica Anderson,terryangela@hotmail.com,"Exercise Ball, 65cm",2,45.98,3.1874
FW36902,1,12/5/2022,Kristen Weeks DDS,danielweaver@thompson.biz,Foam Roller,2,39.98,3.0485
FW50540,1,3/22/2022,Christopher Mendoza,jeremyclark@lutz-campbell.com,"Yoga Mat, Eco",2,49.98,3.0127
FW36151,1,12/3/2022,Gene Ellis,bguzman@hotmail.com,Foam Roller,1,19.99,1.5881
FW99512,1,2/20/2022,Brian Campos,donovanjill@becker-malone.net,Pull-Up Bar,2,69.98,5.3677
FW51008,1,9/22/2022,Mitchell Best,patrickrivas@kennedy-gregory.com,Pilates Ring,3,53.97,3.6406
FW95603,1,8/2/2022,Jacob Waters,carolyn09@hotmail.com,Massage Gun,3,419.97,30.7526
FW39205,1,6/9/2022,Jessica Young,mday@hotmail.com,"Ankle Weights, Pair",1,27.99,2.4038
FW19161,1,10/10/2022,Lisa Cox,yolanda62@rodriguez.info,Pilates Ring,1,17.99,1.3542
FW75232,1,10/19/2022,James Church,mark36@mccarty-greene.biz,Adjustable Bench,1,109.99,8.684
FW96553,1,11/6/2022,Jennifer Hogan,connie08@young.com,Adjustable Bench,3,329.97,29.1746
FW65857,1,6/28/2022,Kelli Dixon,sheilakennedy@gmail.com,Pilates Ring,3,53.97,3.37
FW51321,1,6/5/2022,Corey Rhodes,heather19@burns.com,Treadmill Lubricant,3,37.47,3.1362
FW16035,1,12/28/2022,Scott Schmidt,andrew53@villanueva.com,Pilates Ring,2,35.98,2.831
FW18517,1,10/20/2022,April Faulkner,juliastone@hotmail.com,Treadmill Lubricant,1,12.49,0.8518
FW40783,1,4/19/2022,Christopher Adams,whoward@yahoo.com,Pull-Up Bar,2,69.98,4.8669
FW81787,1,2/1/2022,Brian Anthony,qtaylor@jackson-hutchinson.com,Resistance Bands Set,1,39.99,3.0844
FW39750,1,11/16/2022,Shawn Brown,benjamin45@jacobson-chen.com,Smart Weighing Scale,3,179.97,13.1273
FW11822,1,4/11/2022,Lisa Manning,joseph81@gmail.com,Pull-Up Bar,1,34.99,2.6319
FW41058,1,3/28/2022,Brianna Gonzalez,larry57@nash-baldwin.com,"Kettlebell, 20lb",3,149.97,10.1093
FW48527,1,3/3/2022,Suzanne White,larsonalyssa@diaz-rowe.com,Massage Gun,1,139.99,11.6756
FW26844,1,9/18/2022,Barbara Heath,tabitha59@marshall-wilson.org,Pull-Up Bar,2,69.98,5.736
FW93900,1,3/18/2022,Andrew Gray,clarkamber@yahoo.com,"Yoga Mat, Eco",3,74.97,5.8594
FW33906,1,2/18/2022,Jeffrey Pham,tfarrell@anderson.info,Massage Gun,1,139.99,12.4384
FW96273,1,4/15/2022,Emily Shaffer,xmason@yahoo.com,"Yoga Mat, Eco",2,49.98,3.5485
FW47981,1,1/3/2022,Paige Young,charleshooper@hobbs.org,Pull-Up Bar,2,69.98,4.8055
FW92135,1,2/13/2022,Eric Jones,ywilliams@gmail.com,Adjustable Dumbbells,2,259.98,16.2113
FW67293,1,7/3/2022,Katie Wilson,fbarber@yoder.com,Resistance Bands Set,2,79.98,6.0149
FW91149,1,1/22/2022,Michael Gonzales,susan88@cowan.net,Adjustable Bench,2,219.98,18.8656
FW95537,1,7/12/2022,David Potter,kristy28@yahoo.com,Resistance Bands Set,3,119.97,10.6741
FW86731,1,12/20/2022,Victoria Rivers,amyfrench@yahoo.com,"Jump Rope, Speed",1,14.99,0.9881
FW98556,1,7/12/2022,Mitchell Fuller,robert16@lewis.com,Treadmill Lubricant,2,24.98,1.7794
FW81661,1,3/24/2022,Brian Petty,brivera@yahoo.com,Adjustable Dumbbells,2,259.98,22.5009
FW17654,1,11/22/2022,Christy Schmidt,rebecca99@gmail.com,Smart Weighing Scale,1,59.99,5.3925
FW45547,1,5/7/2022,Jodi Long,dbuckley@hotmail.com,Foam Roller,1,19.99,1.6889
FW74984,1,2/28/2022,Robin Navarro MD,alexanderjennifer@hotmail.com,"Jump Rope, Speed",1,14.99,1.0975
FW56737,1,6/16/2022,Amanda Summers,daniel91@gmail.com,"Exercise Ball, 65cm",1,22.99,1.7962
FW35530,1,12/3/2022,Lauren Brown,troberts@hotmail.com,Pilates Ring,1,17.99,1.2012
FW68179,1,9/26/2022,Christina Kelley,walkerhailey@yahoo.com,Resistance Bands Set,3,119.97,10.3437
FW87726,1,4/25/2022,Stanley Lopez,fjohnson@hotmail.com,Foam Roller,1,19.99,1.5391
FW73795,1,4/18/2022,Amanda Livingston,josephjones@green.com,"Jump Rope, Speed",1,14.99,1.091
FW76461,1,7/31/2022,Madeline Tyler,dana56@gmail.com,Resistance Bands Set,1,39.99,2.5963
FW72176,1,7/7/2022,Curtis Green,michael13@warner.biz,"Ankle Weights, Pair",3,83.97,6.2951
FW69915,1,9/17/2022,Victoria Hernandez,cjohnson@gmail.com,"Kettlebell, 20lb",3,149.97,10.0196
FW27025,1,2/3/2022,Carolyn Suarez,joseph77@yahoo.com,Adjustable Bench,3,329.97,25.5768
FW92449,1,6/27/2022,Jamie Ball,burgesstheresa@jones.com,Smart Weighing Scale,3,179.97,15.9887
FW78850,1,6/1/2022,Sandra Fletcher,carpentermelinda@banks-lin.biz,"Yoga Mat, Eco",3,74.97,5.1129
FW75871,1,5/10/2022,Linda Mason,bobby90@berry.com,"Exercise Ball, 65cm",3,68.97,5.5772
FW97769,1,9/12/2022,Christine Taylor,wilsonanthony@gmail.com,Pilates Ring,2,35.98,2.3829
FW76871,1,10/20/2022,Jessica Davis,ohernandez@gmail.com,"Jump Rope, Speed",1,14.99,0.9726
FW26691,1,12/19/2022,Richard Thomas,kylepalmer@gmail.com,Resistance Bands Set,1,39.99,3.5037
FW94853,1,4/9/2022,John Jones,donaldjackson@hotmail.com,"Kettlebell, 20lb",1,49.99,3.8611
FW89158,1,6/30/2022,April Abbott,crodriguez@gmail.com,Pilates Ring,1,17.99,1.3283
FW91829,1,2/10/2022,Patrick Kennedy,bradymorrison@king.com,Pull-Up Bar,2,69.98,5.8322
FW11434,1,12/7/2022,Joshua Wong,nharrington@gmail.com,Foam Roller,2,39.98,3.2675
FW18335,1,8/1/2022,Ann Fernandez,kylerodriguez@williams.info,Resistance Bands Set,1,39.99,3.1078
FW62471,1,7/19/2022,Jordan Reeves,belindawalter@gmail.com,Treadmill Lubricant,2,24.98,1.6951
FW50572,1,4/25/2022,Matthew Lloyd,mcdonaldveronica@jones.com,"Ankle Weights, Pair",2,55.98,4.0808
FW17648,1,9/25/2022,Shannon Hansen MD,catherine55@yahoo.com,Fitness Tracker Band,2,179.98,13.6578
FW32314,1,6/5/2022,Jennifer Castro,kevindunlap@yahoo.com,Adjustable Bench,3,329.97,23.5541
FW32520,1,5/24/2022,Nathan Miller,josesharp@wright.info,Resistance Bands Set,3,119.97,9.213
FW97678,1,11/11/2022,Jennifer Graham MD,williamsjustin@hotmail.com,Adjustable Dumbbells,1,129.99,10.6487
FW12339,1,3/2/2022,Michael Hill,ktran@gomez-hill.com,Pilates Ring,2,35.98,3.0154
FW24323,1,7/7/2022,Barbara Martin,kristin28@jenkins.net,Adjustable Bench,2,219.98,14.2012
FW64811,1,2/5/2022,David Calderon,sonia67@gmail.com,Adjustable Bench,1,109.99,8.3897
FW67090,1,7/16/2022,Gina Atkins,sarah39@glass.com,"Yoga Mat, Eco",3,74.97,4.8904
FW30517,1,8/28/2022,Amanda Myers,tonyramirez@cook-boyer.biz,"Jump Rope, Speed",1,14.99,1.3374
FW47369,1,6/19/2022,Jason Cannon MD,george34@hotmail.com,Pull-Up Bar,2,69.98,4.9785
FW41974,1,10/16/2022,Ronald Jensen,walkercheryl@yahoo.com,"Ankle Weights, Pair",3,83.97,7.1002
FW44414,1,1/15/2022,April Fuller,kristina88@hotmail.com,Resistance Bands Set,3,119.97,9.181
FW24274,1,4/6/2022,Robert Houston,vtucker@baker.com,Treadmill Lubricant,3,37.47,3.2322
FW88491,1,8/7/2022,Charles Price,walkercindy@pope.com,Treadmill Lubricant,2,24.98,1.5213
FW88893,1,12/8/2022,Andrew Ruiz,gibsonelizabeth@castro.com,Massage Gun,2,279.98,19.8583
FW47331,1,1/21/2022,Matthew Dunn,mramos@carlson.com,Smart Weighing Scale,3,179.97,12.9613
FW85059,1,6/23/2022,Gary Cuevas,lauracoleman@marshall.info,Adjustable Dumbbells,2,259.98,16.2114
FW52032,1,12/24/2022,Sean Webster,glittle@anderson.com,Smart Weighing Scale,3,179.97,11.6741
FW12092,1,10/20/2022,Ryan Wright,kimberlymiller@gmail.com,Foam Roller,3,59.97,4.5714
FW67092,1,2/3/2022,Carol Ortega,annrivers@mcclain.com,Fitness Tracker Band,3,269.97,19.68
FW13278,1,6/17/2022,Kimberly Gutierrez,john92@yahoo.com,"Exercise Ball, 65cm",2,45.98,2.8209
FW10233,1,11/12/2022,Melissa Young,jenniferpotts@yahoo.com,"Yoga Mat, Eco",2,49.98,3.4726
FW79584,1,4/30/2022,Jeffrey Collins,jennifer67@hotmail.com,Pilates Ring,1,17.99,1.5839
FW55674,1,5/9/2022,Leonard Morgan,williamskevin@gilbert.com,"Kettlebell, 20lb",1,49.99,3.4316
FW57883,1,6/1/2022,Brenda Alvarez,robert01@monroe.net,"Exercise Ball, 65cm",2,45.98,3.7866
FW27850,1,12/6/2022,Nicholas Mills,antoniojohnson@gmail.com,Fitness Tracker Band,3,269.97,22.0061
FW69278,1,1/22/2022,Jill Murphy,brownmargaret@newton-ford.com,"Kettlebell, 20lb",3,149.97,12.7787
FW89173,1,8/12/2022,Taylor Mitchell,michaelballard@gmail.com,Foam Roller,2,39.98,2.7707
FW96635,1,2/17/2022,Tyler Carroll,fnguyen@yahoo.com,Resistance Bands Set,2,79.98,5.8315
FW77348,1,9/22/2022,Clifford Cummings,brownsandra@jones-young.com,Massage Gun,3,419.97,29.0531
FW14152,1,9/2/2022,Greg Medina,sherrijimenez@krueger-dodson.biz,Massage Gun,3,419.97,35.7697
FW82240,1,3/28/2022,Cameron Heath,acampbell@davis.org,"Jump Rope, Speed",1,14.99,1.0488
FW79695,1,7/11/2022,Benjamin Levine,leslieallen@mcintosh-phillips.org,Massage Gun,2,279.98,18.2174
FW33943,1,4/26/2022,Richard Glover,smithsuzanne@white.info,Smart Weighing Scale,2,119.98,8.1253
FW96679,1,10/12/2022,Amanda Curry,stevencole@morgan.com,"Exercise Ball, 65cm",1,22.99,1.5406
FW45225,1,9/5/2022,Maria Stewart,vprince@fuentes-tate.com,"Jump Rope, Speed",1,14.99,0.9231
FW57027,1,3/1/2022,Emily Miranda,gregorymercado@miller.com,"Ankle Weights, Pair",1,27.99,1.9445
FW25950,1,2/4/2022,Tricia Ruiz,valdeztracie@yahoo.com,Pull-Up Bar,2,69.98,4.7694
FW24672,1,9/26/2022,Bryan Graves,kiddcrystal@hernandez.info,Smart Weighing Scale,3,179.97,12.4873
FW60816,1,8/22/2022,Jennifer Collins MD,sellersjoseph@henderson.com,Foam Roller,2,39.98,2.9688
FW62295,1,12/6/2022,Kenneth Thompson,christine05@yahoo.com,Pull-Up Bar,1,34.99,2.2333
FW99986,1,11/28/2022,Dana Davila,arnolddavid@yahoo.com,"Exercise Ball, 65cm",3,68.97,6.1542
FW10669,1,1/3/2022,Andrea Stewart,bcarter@smith-trujillo.info,Fitness Tracker Band,1,89.99,5.9457
FW97707,1,2/27/2022,Anna Smith,tmorgan@garcia.com,"Jump Rope, Speed",2,29.98,1.8456
FW40416,1,7/31/2022,Ronald Solis,avilabarbara@gibbs.org,Fitness Tracker Band,2,179.98,15.4508
FW41800,1,2/17/2022,Francisco Andrews,antonio30@webster.biz,Resistance Bands Set,1,39.99,3.3367
FW79720,1,6/12/2022,Laura Davis,charlesmarks@hotmail.com,Pilates Ring,1,17.99,1.4081
FW65769,1,10/27/2022,Pamela Moore,uwalters@love.org,Pull-Up Bar,3,104.97,8.4846
FW42515,1,12/18/2022,Jessica Harris,adamsmatthew@gmail.com,Pilates Ring,3,53.97,3.7137
FW83435,1,1/10/2022,Benjamin Miller,cheryl89@hotmail.com,Resistance Bands Set,2,79.98,5.3606
FW81430,1,7/31/2022,Adrian Marshall,gjones@gmail.com,Pilates Ring,2,35.98,2.4329
FW56607,1,1/25/2022,Benjamin Warner,timothyosborn@lester-turner.biz,Adjustable Bench,2,219.98,15.5967
FW92741,1,10/16/2022,Regina Garcia,vgarrett@yahoo.com,Massage Gun,2,279.98,17.8455
FW27254,1,8/30/2022,Denise Young,solisjohn@hotmail.com,Pilates Ring,1,17.99,1.5087
FW77076,1,2/2/2022,Debbie Perez,charlesallen@gmail.com,Fitness Tracker Band,1,89.99,8.0474
FW92952,1,11/12/2022,Danielle Taylor,arichardson@yahoo.com,Adjustable Dumbbells,3,389.97,29.6909
FW96292,1,2/16/2022,Austin Hill,garciaanthony@faulkner-williams.net,Pilates Ring,2,35.98,2.6814
FW67492,1,2/19/2022,Michael Morales,edward22@taylor-cardenas.com,Pilates Ring,3,53.97,4.5809
FW58069,1,6/29/2022,Cassandra Hart,gmcgee@gmail.com,"Yoga Mat, Eco",1,24.99,2.1127
FW38297,1,5/26/2022,Jennifer Daniels,smithmichael@yahoo.com,Pull-Up Bar,3,104.97,8.7521
FW72611,1,11/28/2022,Donna Miller,cnguyen@gmail.com,"Jump Rope, Speed",2,29.98,1.8343
FW41331,1,3/6/2022,Michael Evans,carrdavid@yahoo.com,Pilates Ring,1,17.99,1.1918
FW91436,1,11/15/2022,Gary Garcia,theodore48@cooper-schmidt.biz,"Exercise Ball, 65cm",3,68.97,4.5027
FW54439,1,3/5/2022,Michelle Smith,rhondawalton@smith.com,Massage Gun,2,279.98,21.9953
FW98181,1,7/18/2022,James Daniels,webbanthony@hansen-torres.org,Massage Gun,1,139.99,11.2562
FW99755,1,7/26/2022,Amy Elliott,mathiscarrie@gmail.com,"Ankle Weights, Pair",2,55.98,4.4223
FW21066,1,11/2/2022,Kimberly Johnson,penarobert@gmail.com,Adjustable Dumbbells,1,129.99,11.5288
FW95213,1,12/6/2022,William Arnold,amy36@lambert-stevens.com,"Kettlebell, 20lb",1,49.99,3.6184
FW27166,1,9/8/2022,Bradley Morris,aprilthompson@brown-brennan.biz,"Ankle Weights, Pair",1,27.99,2.3305
FW40161,1,6/24/2022,Amanda Hines,michael49@johnson.com,"Kettlebell, 20lb",1,49.99,3.7806
FW39822,1,10/11/2022,Jodi King,murrayloretta@yahoo.com,"Ankle Weights, Pair",2,55.98,3.8267
FW74533,1,1/8/2022,Jose Wagner,michelle55@hill.info,Smart Weighing Scale,1,59.99,4.4274
FW86611,1,11/25/2022,Sarah Mora,hreyes@washington-moyer.com,"Exercise Ball, 65cm",1,22.99,1.5839
FW53855,1,11/18/2022,Barbara Lewis,bdean@york-lopez.com,Fitness Tracker Band,2,179.98,13.8062
FW85970,1,5/13/2022,Alexander Olson,david25@yahoo.com,"Ankle Weights, Pair",2,55.98,4.812
FW28116,1,1/22/2022,Deborah Chen,pmiddleton@yahoo.com,"Kettlebell, 20lb",1,49.99,3.1234
FW61200,1,7/8/2022,Janet Baker,hoannette@frank-hansen.biz,Pilates Ring,3,53.97,3.5781
FW94950,1,11/12/2022,Mr. Joshua Acosta,michaelchambers@reed.net,"Kettlebell, 20lb",3,149.97,11.1011
FW22857,1,3/20/2022,Alex Snyder,miguel79@roach-trujillo.com,"Ankle Weights, Pair",3,83.97,7.4998
FW96693,1,3/2/2022,Pamela Brady,kimberly24@gmail.com,Foam Roller,2,39.98,3.5958
FW26985,1,1/11/2022,Marcus Miller,henry86@lester.com,Adjustable Bench,3,329.97,24.7009
FW78917,1,5/31/2022,Cindy Charles,jason25@king.com,Pilates Ring,3,53.97,4.5572
FW99055,1,11/19/2022,Tracy Roberts,gutierrezalyssa@hotmail.com,"Jump Rope, Speed",1,14.99,0.9781
FW33103,1,11/18/2022,Brian Fry,qward@davis.info,"Yoga Mat, Eco",2,49.98,3.122
FW81411,1,5/18/2022,Andrew Andrews,brockjames@cummings-walker.com,"Yoga Mat, Eco",1,24.99,2.0483
FW71614,1,12/27/2022,Albert Perry,adamsmith@brady.net,Fitness Tracker Band,2,179.98,11.6459
FW51740,1,8/25/2022,Grace Jones,gonzalezryan@yahoo.com,Pull-Up Bar,2,69.98,4.725
FW23431,1,1/8/2022,Shannon Wilson,joneskristy@mullen.net,"Ankle Weights, Pair",2,55.98,4.82
FW60555,1,6/18/2022,Jonathan Gonzales,raymond19@martin.com,Massage Gun,1,139.99,12.4716
FW96952,1,1/14/2022,Jerry Oconnor,stevenbell@johnson.info,Adjustable Bench,3,329.97,24.5771
FW45809,1,10/26/2022,Melissa Williams,crystal11@hotmail.com,Treadmill Lubricant,3,37.47,2.9485
FW22132,1,5/2/2022,Tyler Smith,hharris@yahoo.com,Massage Gun,1,139.99,9.1213
FW13125,1,7/22/2022,Kayla Eaton,katherinefriedman@yahoo.com,Fitness Tracker Band,3,269.97,16.3217
FW56697,1,11/5/2022,Trevor Miranda,lynchbrian@gmail.com,"Jump Rope, Speed",2,29.98,2.0191
FW93600,1,2/21/2022,Matthew Bryan,jamesshepherd@hotmail.com,Massage Gun,1,139.99,10.0749
FW96614,1,4/22/2022,Patricia Hubbard,joshuaturner@hotmail.com,Treadmill Lubricant,3,37.47,2.9744
FW69127,1,2/20/2022,Samuel Lee,stricklandkenneth@davis-james.biz,Massage Gun,1,139.99,9.0973
FW60224,1,8/27/2022,Melissa Thompson,reillymatthew@scott.org,Fitness Tracker Band,1,89.99,6.9548
FW83689,1,8/28/2022,Lisa Moreno,edwardcallahan@hotmail.com,"Yoga Mat, Eco",1,24.99,1.744
FW62394,1,8/31/2022,Keith Werner,gjacobson@gmail.com,"Jump Rope, Speed",2,29.98,2.2735
FW11494,1,5/23/2022,Andrew Stevens,gabrielledillon@yahoo.com,Pilates Ring,3,53.97,4.4814
FW23619,1,2/10/2022,Tracy Mcintosh,carolyn50@kim-moore.com,Resistance Bands Set,3,119.97,9.8821
FW80883,1,2/19/2022,Monica Cohen,aharris@yahoo.com,Adjustable Bench,2,219.98,15.3435
FW55742,1,3/7/2022,Matthew Cross,howellamy@hamilton.com,Resistance Bands Set,2,79.98,6.9019
FW19763,1,12/14/2022,Hannah Figueroa,sandrarowe@gmail.com,Fitness Tracker Band,3,269.97,23.9767
FW22274,1,1/7/2022,Brian Thomas,tbrown@wise-tucker.biz,"Yoga Mat, Eco",3,74.97,4.8652
FW95095,1,7/9/2022,John Parks,angel81@yahoo.com,Adjustable Dumbbells,2,259.98,16.0004
FW38217,1,12/25/2022,Amy Shields,sarellano@parker-wang.org,"Jump Rope, Speed",1,14.99,1.2357
FW96387,1,10/8/2022,Shannon Smith,andersonkaitlin@patton-deleon.com,"Exercise Ball, 65cm",1,22.99,1.5436
FW58237,1,6/17/2022,William Hudson,hayneschristian@hotmail.com,Adjustable Bench,3,329.97,23.8812
FW18457,1,6/19/2022,Eric Hines,ryanscott@dominguez-benitez.com,"Kettlebell, 20lb",1,49.99,3.9071
FW48038,1,12/27/2022,Dave White,jacobharris@monroe.net,Pilates Ring,1,17.99,1.1413
FW56182,1,6/11/2022,Robert Evans,powersdylan@hotmail.com,Foam Roller,3,59.97,4.7975
FW78703,1,7/16/2022,Charles Wu,carrillochristian@ritter-medina.com,Treadmill Lubricant,2,24.98,2.0471
FW40927,1,10/4/2022,Kathryn Holmes,orobinson@harvey.com,Resistance Bands Set,2,79.98,5.1445
FW67588,1,7/10/2022,Heidi Jones,hmiller@hotmail.com,Massage Gun,1,139.99,10.3131
FW16566,1,12/11/2022,Toni Ponce,ryan90@hotmail.com,Pull-Up Bar,1,34.99,2.2721
FW81606,1,6/18/2022,Jeffrey Dyer,nicole28@morgan-martin.com,Pull-Up Bar,1,34.99,2.2993
FW95906,1,8/25/2022,Michele Hunter,esimmons@miller.com,"Ankle Weights, Pair",3,83.97,6.9138
FW88864,1,3/3/2022,Michelle Clark,alan62@hotmail.com,Adjustable Dumbbells,1,129.99,9.4993
FW55431,1,6/10/2022,Cassidy House,colleenconner@gmail.com,Resistance Bands Set,2,79.98,5.5982
FW66819,1,1/29/2022,Andrew Hopkins,johnny56@evans.biz,Pull-Up Bar,2,69.98,5.3359
FW57213,1,12/17/2022,Kayla Johnson,justinadams@alvarez-davis.info,Pull-Up Bar,3,104.97,6.7168
FW63962,1,11/4/2022,Sherry Harper,kelseyjohnson@newton.com,"Jump Rope, Speed",1,14.99,1.1637
FW15487,1,2/7/2022,Aaron Martinez,floresmaria@hotmail.com,Fitness Tracker Band,3,269.97,17.3169
FW58220,1,12/4/2022,James Brown,robertgeorge@powers.org,"Jump Rope, Speed",1,14.99,1.3335
FW33987,1,2/10/2022,Carly Anderson,wayne88@kelley.com,Fitness Tracker Band,3,269.97,22.6891
FW87503,1,10/22/2022,James Lamb,crystal56@hotmail.com,Smart Weighing Scale,2,119.98,9.7137
FW71015,1,5/22/2022,Laurie Johnson,gonzalezadam@gmail.com,"Yoga Mat, Eco",3,74.97,6.5057
FW24027,1,3/5/2022,Steve Delgado,emily96@wood.com,Foam Roller,1,19.99,1.683
FW20387,1,11/18/2022,Linda Gonzales,michelle20@yahoo.com,Pull-Up Bar,3,104.97,8.9359
FW59708,1,7/22/2022,Kathryn Lane,karen94@scott.com,"Exercise Ball, 65cm",3,68.97,5.3785
FW56666,1,8/14/2022,Christopher Sullivan,yjohnson@hernandez.net,Adjustable Dumbbells,3,389.97,30.9282
FW96650,1,3/20/2022,Michael Mcclain,fletcherrobert@gmail.com,Resistance Bands Set,1,39.99,2.9785
FW45270,1,5/30/2022,Devin Crawford,robert17@hotmail.com,"Jump Rope, Speed",3,44.97,3.5305
FW29546,1,11/24/2022,Alexander Aguilar,jordanvirginia@hotmail.com,Foam Roller,1,19.99,1.3917
FW98345,1,2/27/2022,Luis Dudley,traciehenry@jordan-mcdaniel.com,"Ankle Weights, Pair",3,83.97,7.5515
FW60022,1,10/24/2022,Michael Walker,monicahill@miller-noble.com,Pilates Ring,1,17.99,1.2765
FW31181,1,2/23/2022,Brandon Herman,jonathonadams@hotmail.com,"Ankle Weights, Pair",2,55.98,4.4615
FW78853,1,7/5/2022,Robert Miller,michellecole@yahoo.com,Pull-Up Bar,3,104.97,6.5005
FW89578,1,7/5/2022,Chelsea Huff,shelbytorres@gmail.com,"Ankle Weights, Pair",2,55.98,4.1466
FW88844,1,2/9/2022,Vincent Thompson,frankamy@yahoo.com,Resistance Bands Set,3,119.97,9.443
FW46223,1,12/24/2022,Jeremiah Knox,parkerdavid@yahoo.com,"Ankle Weights, Pair",2,55.98,4.2574
FW46750,1,3/2/2022,Ashley Chan,pateljeremiah@brown.com,"Yoga Mat, Eco",3,74.97,5.6692
FW97852,1,8/30/2022,Ryan Jordan,ryanwalsh@gmail.com,"Exercise Ball, 65cm",3,68.97,4.8747
FW87022,1,11/13/2022,Jordan Henderson,pachecojoseph@yahoo.com,Foam Roller,2,39.98,2.4932
FW99677,1,7/11/2022,Jasmin Weaver,edward20@yahoo.com,Pull-Up Bar,1,34.99,2.9323
FW26232,1,6/1/2022,Alan Hardy,bowmanjames@hunt.org,Treadmill Lubricant,2,24.98,1.6943
FW62664,1,5/27/2022,Kelly Ellis,crawfordtina@yahoo.com,"Ankle Weights, Pair",2,55.98,4.9715
FW55330,1,4/11/2022,Valerie Turner,jonathan96@armstrong.com,Massage Gun,3,419.97,28.1012
FW24266,1,7/11/2022,Amanda Shelton,kirk53@bell.info,"Kettlebell, 20lb",1,49.99,3.3942
FW82644,1,1/23/2022,Brooke Bridges,brandonprince@norman.com,Adjustable Dumbbells,3,389.97,32.8835
FW62067,1,3/5/2022,Sabrina Jones,zphelps@gmail.com,Resistance Bands Set,1,39.99,2.8609
FW62897,1,10/3/2022,Thomas Gonzalez,jamesarroyo@yahoo.com,Massage Gun,1,139.99,9.6947
FW26224,1,11/14/2022,Alicia Kennedy,zperez@ayala.info,Massage Gun,1,139.99,8.7942
FW76198,1,4/23/2022,Kurt Deleon,robertmason@flores.info,Resistance Bands Set,2,79.98,5.8571
FW95444,1,5/17/2022,Andrew Russell,douglasnguyen@gmail.com,Resistance Bands Set,3,119.97,7.5191
FW28018,1,6/2/2022,Tiffany Dorsey,athompson@pittman.biz,"Ankle Weights, Pair",2,55.98,3.4833
FW35583,1,5/25/2022,Cameron Jordan MD,susanclay@gmail.com,Massage Gun,1,139.99,11.2386
FW44966,1,5/19/2022,James Lopez,jamescoleman@davis.com,"Exercise Ball, 65cm",2,45.98,3.4518
FW28645,1,7/14/2022,Kyle Jones,itaylor@gmail.com,Foam Roller,2,39.98,3.1322
FW81528,1,6/21/2022,Derrick Robinson,romeroregina@hotmail.com,Massage Gun,3,419.97,31.9109
FW98275,1,4/26/2022,Jose Boyer,eric87@mitchell.com,"Ankle Weights, Pair",2,55.98,4.4665
FW86127,1,1/5/2022,Eric Burnett,kathleen84@pham-jones.com,Fitness Tracker Band,3,269.97,22.8403
FW96967,1,11/20/2022,Andrew Mcbride,wendydixon@hotmail.com,Treadmill Lubricant,3,37.47,2.829
FW39351,1,1/27/2022,James Ryan,farrelldonald@rice.com,Massage Gun,2,279.98,22.1498
FW16947,1,11/16/2022,Jorge Mcdaniel,jillian61@yahoo.com,Smart Weighing Scale,2,119.98,8.9003
FW91366,1,2/22/2022,Carla Lynch,bescobar@gmail.com,Massage Gun,2,279.98,18.0806
FW87391,1,7/29/2022,Brent Myers,swagner@morgan-turner.com,Treadmill Lubricant,1,12.49,0.9364
FW26162,1,12/7/2022,Adrian Glass,sarahcarlson@hotmail.com,Smart Weighing Scale,3,179.97,15.0038
FW71159,1,10/29/2022,Abigail Allen,oliviahowell@wallace.net,Pilates Ring,1,17.99,1.5892
FW22769,1,10/23/2022,Kaitlyn Hunter,hahnterri@white.org,Pilates Ring,1,17.99,1.4418
FW81792,1,6/12/2022,Sheila Carr,nmills@yahoo.com,"Ankle Weights, Pair",1,27.99,1.9161
FW49634,1,6/27/2022,Carla Kerr,wilsonarthur@hotmail.com,"Exercise Ball, 65cm",3,68.97,5.4108
FW64295,1,8/22/2022,Darrell Cole,carrie54@yahoo.com,Massage Gun,1,139.99,11.2749
FW78517,1,11/26/2022,Anthony Woodard,kelsey48@hill.com,Adjustable Dumbbells,1,129.99,8.244
FW97246,1,2/15/2022,Aaron Foster,jeremy43@gmail.com,Adjustable Bench,2,219.98,17.9302
FW74391,1,1/22/2022,Kyle Dixon,lovelisa@gmail.com,"Jump Rope, Speed",3,44.97,2.9235
FW28127,1,7/12/2022,Lisa Farley,hshelton@hotmail.com,Fitness Tracker Band,1,89.99,5.5016
FW11105,1,2/22/2022,Julie Curry,garciaalisha@gmail.com,"Exercise Ball, 65cm",1,22.99,1.4996
FW54589,1,4/14/2022,Mr. Gary Adkins,martinwilliams@fry-martin.com,"Exercise Ball, 65cm",3,68.97,5.4591
FW79505,1,3/31/2022,Timothy Hooper,nathanielwarren@mcgee.com,Pilates Ring,3,53.97,4.8555
FW98800,1,4/16/2022,Bobby Daniels,linda36@gmail.com,Adjustable Bench,3,329.97,19.8487
FW19950,1,2/27/2022,Barbara Collins,natalie18@holmes.com,Pull-Up Bar,3,104.97,9.3762
FW54204,1,12/29/2022,Alexandra Johnson,randywilliams@hotmail.com,Massage Gun,3,419.97,32.1197
FW91542,1,4/4/2022,Lorraine Johnson,matthew61@gmail.com,"Ankle Weights, Pair",1,27.99,1.6866
FW38101,1,3/25/2022,Wendy Torres,john20@yahoo.com,Pull-Up Bar,1,34.99,2.168
FW40317,1,10/28/2022,Audrey Brooks,brownrichard@bright.com,Fitness Tracker Band,3,269.97,17.3684
FW99635,1,12/18/2022,Jonathan Farley,erica59@martin.com,Massage Gun,2,279.98,17.8895
FW49281,1,8/15/2022,Catherine Sawyer,rbrown@gmail.com,Resistance Bands Set,2,79.98,6.9225
FW29370,1,2/16/2022,Tiffany Underwood,samantha34@yahoo.com,Pilates Ring,2,35.98,2.605
FW26150,1,4/2/2022,Julia Sellers,zweiss@rivas.info,Foam Roller,3,59.97,5.2781
FW36351,1,11/7/2022,Patricia Lee,raymondchapman@yahoo.com,"Exercise Ball, 65cm",2,45.98,4.0756
FW93157,1,1/20/2022,Carol Howard,kylebennett@hernandez.info,"Ankle Weights, Pair",1,27.99,1.8556
FW46820,1,9/15/2022,Melissa Cook,milesrobert@yahoo.com,"Exercise Ball, 65cm",2,45.98,3.1684
FW11151,1,10/29/2022,Donald Manning,ypatel@davis.com,Adjustable Bench,3,329.97,24.5024
FW74017,1,7/8/2022,Alex Harrell,vvaughn@gmail.com,Pilates Ring,2,35.98,2.6994
FW41802,1,11/20/2022,Miranda Page,blairnorma@cannon.com,Treadmill Lubricant,2,24.98,1.9749
FW11733,1,8/26/2022,Ashley Price,susan53@davis-warner.biz,Foam Roller,1,19.99,1.4567
FW55272,1,11/22/2022,Robert Morrison,blevinsjane@crawford-mejia.com,Foam Roller,2,39.98,3.5122
FW45421,1,6/11/2022,Daniel Cole,jacksonangie@hernandez.com,Massage Gun,3,419.97,30.7438
FW95240,1,9/15/2022,Kenneth Walker,eric42@butler.info,Fitness Tracker Band,3,269.97,21.8555
FW77386,1,3/9/2022,Steven Chavez,wagnerbenjamin@anderson-becker.com,"Jump Rope, Speed",1,14.99,1.0093
FW32393,1,10/24/2022,James Smith,crosstracy@lang.net,Smart Weighing Scale,3,179.97,13.6266
FW77217,1,3/31/2022,Spencer Miller,robertpaul@reed-sanchez.com,Treadmill Lubricant,1,12.49,0.9054
FW48583,1,8/28/2022,Mitchell Wilkinson,murraywilliam@terry.com,"Ankle Weights, Pair",2,55.98,3.6592
FW42096,1,12/4/2022,Christopher Schmitt,jblack@powell.net,Adjustable Bench,2,219.98,19.3691
FW88518,1,7/30/2022,Morgan Holmes,zcase@horton.info,Foam Roller,3,59.97,5.1973
FW43641,1,3/5/2022,Kristen Brown,andrew91@johnson-fisher.net,"Exercise Ball, 65cm",3,68.97,5.3487
FW43751,1,12/21/2022,Laura Hubbard,jerryroberson@bishop-lara.biz,"Exercise Ball, 65cm",2,45.98,3.0649
FW65388,1,11/11/2022,Sara Harrison,christopherpennington@yahoo.com,Treadmill Lubricant,2,24.98,1.7439
FW89188,1,8/20/2022,Kathleen Brown,ramseyjohnathan@greene.org,Pilates Ring,3,53.97,3.2736
FW81912,1,6/9/2022,Kimberly Dixon,bridgesbobby@munoz.net,Smart Weighing Scale,1,59.99,4.6519
FW12141,1,11/11/2022,Kimberly Randall,chelseywallace@richardson.com,Foam Roller,3,59.97,5.0117
FW77179,1,10/17/2022,Anthony Mullen,david47@miller.org,Massage Gun,3,419.97,34.6683
FW31303,1,2/26/2022,Theresa Chen,melissarodriguez@brown-house.com,Massage Gun,2,279.98,24.6955
FW51416,1,1/15/2022,Carlos Rodriguez,theresa52@yahoo.com,Smart Weighing Scale,1,59.99,4.6356
FW59574,1,7/1/2022,Megan Long,carolynwood@irwin-thornton.com,Pilates Ring,2,35.98,2.8935
FW18023,1,5/10/2022,Paige Hubbard,fthomas@pennington.net,Smart Weighing Scale,2,119.98,10.2085
FW63015,1,10/13/2022,Cindy Ray,desiree09@trevino.com,"Exercise Ball, 65cm",1,22.99,1.9304
FW99706,1,6/18/2022,Matthew Crawford,amandacastro@allen.info,"Kettlebell, 20lb",3,149.97,12.716
FW75630,1,12/17/2022,Lauren Duran,tyoung@holder-yu.com,Treadmill Lubricant,2,24.98,1.8067
FW49711,1,3/13/2022,Jennifer Moore,iedwards@wilson-hernandez.com,Adjustable Bench,1,109.99,8.6085
FW30118,1,10/16/2022,Joyce Gonzalez,danny49@hotmail.com,Foam Roller,2,39.98,2.8424
FW37317,1,10/27/2022,Ian Frost,jonesdaniel@hotmail.com,Treadmill Lubricant,1,12.49,0.8478
FW78378,1,12/18/2022,Jose Green,uallen@pena-mcguire.net,"Ankle Weights, Pair",3,83.97,5.6285
FW54323,1,8/17/2022,Jessica Tucker,sanderselizabeth@bowers-phelps.info,Pull-Up Bar,3,104.97,9.1808
FW62275,1,12/18/2022,Taylor Booth,jenny06@chang-woods.biz,Pilates Ring,2,35.98,2.7089
FW33017,1,4/23/2022,Cindy Scott,andersonfrances@gmail.com,Adjustable Dumbbells,3,389.97,26.1314
FW47878,1,3/15/2022,Howard Blair,michael75@hotmail.com,Foam Roller,2,39.98,2.7761
FW80239,1,2/19/2022,Christopher Faulkner,melaniechapman@yahoo.com,"Kettlebell, 20lb",2,99.98,7.2787
FW50588,1,1/21/2022,Daniel Peters,bburns@strong.com,"Exercise Ball, 65cm",1,22.99,1.7371
FW36544,1,2/2/2022,Victoria Whitaker,douglas23@gmail.com,Foam Roller,2,39.98,2.8403
FW33176,1,6/19/2022,Jacob Riley,nvaldez@yahoo.com,Smart Weighing Scale,2,119.98,10.0592
FW45564,1,10/20/2022,Stacy Cain,alan45@yahoo.com,Foam Roller,1,19.99,1.7975
FW91161,1,3/27/2022,Paul Cruz,shepardjohn@hamilton.com,Adjustable Bench,2,219.98,14.0959
FW46785,1,2/5/2022,Mariah Sanchez,alexandra33@davis.com,Massage Gun,3,419.97,25.2584
FW50005,1,3/27/2022,Mikayla Ayala,tiffanylyons@vaughan.com,Massage Gun,1,139.99,10.881
FW63940,1,5/3/2022,Ashley Wise,hernandezjonathan@yahoo.com,"Exercise Ball, 65cm",2,45.98,3.7831
FW10805,1,12/29/2022,Carrie Price,kwalter@blake.com,Massage Gun,3,419.97,36.3126
FW42854,1,8/23/2022,Mary Kelly,rodney46@black-shelton.com,Adjustable Bench,2,219.98,17.1964
FW12040,1,7/31/2022,Adrian Morales,patricksmith@weaver.com,Adjustable Dumbbells,3,389.97,28.1106
FW19615,1,12/29/2022,Nicole Taylor,bspears@yahoo.com,Massage Gun,3,419.97,29.8281
FW35024,1,11/2/2022,Michael Adams,hunterrobert@benton.com,"Ankle Weights, Pair",2,55.98,3.5612
FW32365,1,5/14/2022,Darryl Smith,carteraustin@gmail.com,Smart Weighing Scale,2,119.98,8.8786
FW10448,1,7/22/2022,Mark Johnson,lisa25@jones-swanson.com,Smart Weighing Scale,2,119.98,10.5573
FW39477,1,9/25/2022,Brandon Haley,larsonryan@hotmail.com,Foam Roller,2,39.98,3.4142
FW84354,1,8/29/2022,Allison Peters,rachelbennett@flores.com,Smart Weighing Scale,2,119.98,10.283
FW15743,1,1/11/2022,James Brown,abigail62@yahoo.com,"Ankle Weights, Pair",2,55.98,4.8584
FW74493,1,11/29/2022,Hannah Johnson,thomasjohn@moreno.com,Resistance Bands Set,1,39.99,3.3426
FW67477,1,5/26/2022,Amy Bowman,chenparker@gmail.com,Treadmill Lubricant,1,12.49,1.0561
FW94139,1,10/10/2022,Anthony Yang,omclean@gmail.com,Adjustable Dumbbells,1,129.99,9.7277
FW34696,1,8/7/2022,Lynn Reed,grayelizabeth@roberts.biz,"Exercise Ball, 65cm",2,45.98,4.0193
FW71183,1,2/20/2022,Craig Anderson,marie03@gmail.com,Adjustable Dumbbells,3,389.97,29.7438
FW30188,1,12/24/2022,Robert Johnson,gregory56@yahoo.com,Foam Roller,3,59.97,4.1717
FW26459,1,10/27/2022,Jessica Rivas,daltonestrada@nguyen-williams.biz,Pull-Up Bar,1,34.99,2.6471
FW31158,1,1/17/2022,Douglas Jennings,hortonlaura@turner-stark.biz,"Kettlebell, 20lb",3,149.97,12.0044
FW59842,1,11/22/2022,Michelle Patton DVM,alexandra75@parker-douglas.com,"Jump Rope, Speed",3,44.97,3.2167
FW23668,1,8/20/2022,Pamela Lara,smithjustin@yahoo.com,"Kettlebell, 20lb",2,99.98,6.2547
FW15300,1,3/11/2022,Kyle Franklin,denise86@gmail.com,Smart Weighing Scale,1,59.99,4.8429
FW75101,1,10/6/2022,Glenda Edwards,michaelsmith@gmail.com,"Exercise Ball, 65cm",1,22.99,1.9864
FW82167,1,4/18/2022,William Collins,whitekurt@hotmail.com,Pull-Up Bar,1,34.99,2.9228
FW63271,1,12/30/2022,Michael Elliott,roger99@yahoo.com,Treadmill Lubricant,1,12.49,1.0526
FW23157,1,10/20/2022,Lawrence Collier Jr.,dsmith@weber-sloan.org,Resistance Bands Set,1,39.99,2.4855
FW55457,1,5/17/2022,Elizabeth Martin,andrew01@greer-diaz.com,Pilates Ring,2,35.98,2.9073
FW53155,1,3/29/2022,Daniel Montes,sthompson@yahoo.com,Pull-Up Bar,3,104.97,9.3085
FW60945,1,11/1/2022,Brittany Smith,denise76@ellis.info,"Ankle Weights, Pair",2,55.98,4.1571
FW29185,1,12/18/2022,Jennifer Jimenez,sellis@simmons-perez.biz,Massage Gun,1,139.99,10.4484
FW23944,1,9/15/2022,Ryan Marshall,sarahcolon@ward-smith.info,Resistance Bands Set,2,79.98,6.6545
FW98290,1,12/20/2022,Kimberly Woods,hyoung@yahoo.com,Pilates Ring,2,35.98,3.1923
FW20516,1,1/14/2022,Angela Smith,olsoncharles@gmail.com,"Ankle Weights, Pair",2,55.98,5.0027
FW88560,1,12/9/2022,Kelly Herring,mark26@thompson.com,"Ankle Weights, Pair",2,55.98,5.013
FW59229,1,11/24/2022,Benjamin Hill,egraves@hotmail.com,"Kettlebell, 20lb",2,99.98,7.1
FW44056,1,2/14/2022,Robert Dunn,chapmanthomas@harris-butler.org,Adjustable Dumbbells,2,259.98,20.3664
FW21784,1,8/22/2022,Kelly Cruz,megansingh@brennan-whitehead.com,"Ankle Weights, Pair",1,27.99,2.3426
FW52148,1,12/28/2022,Lisa Gutierrez,jwashington@yahoo.com,Adjustable Dumbbells,3,389.97,31.9787
FW51757,1,8/28/2022,Jose Poole,christopher34@gmail.com,Resistance Bands Set,3,119.97,9.4601
FW78366,1,10/13/2022,Maria Mccarthy,butlerjohn@gmail.com,Adjustable Dumbbells,3,389.97,29.8774
FW58693,1,10/4/2022,Barbara Armstrong,steve30@hotmail.com,Massage Gun,3,419.97,33.899
FW15944,1,10/27/2022,Steven Smith,jack17@gmail.com,"Kettlebell, 20lb",2,99.98,8.6253
FW88365,1,6/25/2022,Thomas Cruz,paulferguson@gmail.com,"Ankle Weights, Pair",2,55.98,4.9384
FW39077,1,3/6/2022,John Collier,gordongregory@petersen.com,Fitness Tracker Band,2,179.98,14.6653
FW32175,1,7/29/2022,Edward Mitchell,washingtonalexa@gmail.com,Fitness Tracker Band,2,179.98,15.1067
FW12106,1,7/7/2022,Benjamin Wallace,donna39@hotmail.com,Resistance Bands Set,3,119.97,8.8099
FW65824,1,10/14/2022,Barbara Blackburn,barbaralopez@gmail.com,Massage Gun,2,279.98,21.5679
FW80572,1,5/30/2022,Zachary Sutton,zbrady@hotmail.com,Adjustable Dumbbells,1,129.99,8.1059
FW63205,1,1/9/2022,Amanda Lloyd,jmorgan@yahoo.com,Pull-Up Bar,3,104.97,7.1394
FW42652,1,3/23/2022,Cameron Elliott,jenniferjoseph@taylor-martin.info,Resistance Bands Set,1,39.99,3.4143
FW41311,1,7/30/2022,Taylor Mccann,wattspamela@holland.biz,Smart Weighing Scale,3,179.97,13.4016
FW30428,1,3/14/2022,Stephen Hammond,christophersandoval@kirk.com,Pilates Ring,2,35.98,2.3867
FW53795,1,5/19/2022,Thomas Thomas,brauntimothy@smith-johnson.com,Treadmill Lubricant,2,24.98,1.9567
FW28969,1,4/27/2022,David Taylor,connor94@gmail.com,Adjustable Bench,3,329.97,20.0317
FW43964,1,10/16/2022,Lindsey Adams,jennifer92@yahoo.com,Pull-Up Bar,2,69.98,5.733
FW70760,1,10/15/2022,Tyler Hubbard,xleach@hotmail.com,Massage Gun,3,419.97,35.7703
FW84425,1,4/30/2022,Christopher Holmes MD,debbie60@wilkerson-thompson.org,Foam Roller,1,19.99,1.3215
FW32198,1,5/15/2022,Lisa Harris,kristenwatson@hotmail.com,"Jump Rope, Speed",3,44.97,3.5957
FW38810,1,2/13/2022,Kimberly Webb,nmorgan@hoffman.com,Treadmill Lubricant,1,12.49,0.9957
FW45734,1,3/8/2022,Molly Johnson,aaronkelley@garrett.com,Adjustable Bench,2,219.98,14.5507
FW64106,1,12/22/2022,Amy Weiss,hjohnson@hotmail.com,Smart Weighing Scale,2,119.98,9.4365
FW83528,1,6/29/2022,Henry Nichols,samanthawoodard@hotmail.com,Massage Gun,1,139.99,10.0811
FW79469,1,10/6/2022,Lawrence Haney,smitherin@stephenson.com,Foam Roller,2,39.98,3.5027
FW17957,1,12/1/2022,Larry Gardner,katiebarnett@yahoo.com,"Ankle Weights, Pair",1,27.99,2.2425
FW43220,1,4/12/2022,Lisa Lawrence,luis75@yahoo.com,Resistance Bands Set,2,79.98,6.5729
FW67546,1,2/19/2022,Michael Smith,lindsay09@evans.info,"Ankle Weights, Pair",3,83.97,6.8043
FW25672,1,5/29/2022,Zachary Moreno,ariasjeffrey@gmail.com,Smart Weighing Scale,3,179.97,13.3008
FW25767,1,9/13/2022,Jesse Lozano,kevinwilson@freeman-wise.org,Treadmill Lubricant,2,24.98,1.5404
FW95397,1,10/25/2022,James Castro,lbanks@yahoo.com,Foam Roller,1,19.99,1.2013
FW66618,1,8/5/2022,David Moran,jamesclark@gmail.com,Pull-Up Bar,1,34.99,2.3707
FW33035,1,11/25/2022,Nicholas York,rebecca03@robinson-mann.com,Pilates Ring,2,35.98,2.6459
FW96598,1,1/16/2022,Brooke Simon,laura14@flores-calhoun.com,"Jump Rope, Speed",3,44.97,2.9005
FW38096,1,7/21/2022,Hannah Roberts,gcarroll@gmail.com,"Ankle Weights, Pair",1,27.99,1.8628
FW55796,1,3/25/2022,Eric Palmer,yrhodes@morgan.org,"Ankle Weights, Pair",1,27.99,1.7475
FW72198,1,11/13/2022,Lisa Wilson,simmonsricky@hotmail.com,"Exercise Ball, 65cm",1,22.99,1.9373
FW17983,1,7/31/2022,Mark Hernandez,tedwards@gmail.com,"Ankle Weights, Pair",1,27.99,2.04
FW46065,1,3/14/2022,Katie Flores MD,hannah80@gmail.com,Adjustable Bench,1,109.99,9.4713
FW33722,1,6/6/2022,Amanda Fields,kellibrown@yang-wright.biz,Pilates Ring,3,53.97,4.6436
FW66656,1,5/28/2022,Brenda Miller,morenobrittany@rodriguez-hall.com,Adjustable Dumbbells,2,259.98,16.7234
FW42296,1,6/17/2022,Susan Hall,douglasbarr@yahoo.com,Foam Roller,1,19.99,1.2113
FW19830,1,7/7/2022,Carlos Townsend,khowe@hotmail.com,Resistance Bands Set,1,39.99,3.2489
FW42277,1,7/14/2022,Stacey Grant,emilycurry@hotmail.com,Resistance Bands Set,1,39.99,2.5387
FW29380,1,12/14/2022,William Johnson,smithelizabeth@hendrix.com,"Jump Rope, Speed",2,29.98,2.2955
FW37149,1,10/14/2022,Alyssa Cowan,zachary39@gonzalez-dean.com,Adjustable Dumbbells,2,259.98,22.0134
FW29797,1,10/22/2022,Deborah Vasquez,currygina@hotmail.com,Pull-Up Bar,3,104.97,8.471
FW82968,1,4/1/2022,Tom Obrien,bwilliams@mitchell-gordon.com,Foam Roller,2,39.98,3.159
FW63410,1,11/14/2022,Mrs. Dana Dean,uhall@gmail.com,Fitness Tracker Band,1,89.99,7.9751
FW57661,1,3/25/2022,Matthew Williams,dmurray@hernandez-wolfe.info,"Kettlebell, 20lb",1,49.99,4.3679
FW78466,1,6/6/2022,Taylor Bryant,stevensbeth@decker.info,Treadmill Lubricant,3,37.47,3.082
FW11461,1,9/8/2022,Donald Clark,keith61@yahoo.com,Fitness Tracker Band,1,89.99,8.0924
FW78763,1,6/28/2022,Ashley Goodwin,lbailey@yahoo.com,Pull-Up Bar,1,34.99,2.8989
FW57648,1,7/7/2022,Timothy Davis,lesliebrown@yahoo.com,Resistance Bands Set,1,39.99,3.4919
FW70150,1,7/1/2022,Christopher Lewis,gutierrezlarry@clark.net,Adjustable Dumbbells,2,259.98,21.6698
FW40478,1,11/6/2022,Christopher Foster,james39@alvarez.com,Smart Weighing Scale,2,119.98,9.9414
FW46241,1,5/8/2022,Ross Alvarez,kathleensmith@yahoo.com,"Kettlebell, 20lb",2,99.98,7.7619
FW69054,1,7/15/2022,Michael Graham,hansonmichael@harmon.com,"Ankle Weights, Pair",2,55.98,3.7765
FW53893,1,5/4/2022,Brandon Williams,michaelfowler@gmail.com,Adjustable Bench,1,109.99,9.1137
FW23874,1,12/12/2022,Valerie Reid,pjohnson@miles.biz,"Kettlebell, 20lb",2,99.98,6.5914
FW71715,1,11/29/2022,Veronica Obrien,gcook@hotmail.com,"Exercise Ball, 65cm",3,68.97,5.5716
FW92089,1,7/27/2022,Nicholas Wilson,vbarry@yahoo.com,Fitness Tracker Band,1,89.99,5.9543
FW86566,1,12/9/2022,Dale Lewis,christian87@richardson-craig.info,Fitness Tracker Band,1,89.99,5.9731
FW71142,1,12/3/2022,Amy Beck,cmonroe@villa.com,"Jump Rope, Speed",2,29.98,2.586
FW68378,1,8/20/2022,Brian Murray,meagan80@hotmail.com,Pilates Ring,1,17.99,1.318
FW91188,1,7/23/2022,Lori Berg,juan56@sanford-fletcher.com,Treadmill Lubricant,1,12.49,0.7828
FW38483,1,7/2/2022,Maria Chaney,victoriabailey@hotmail.com,Massage Gun,2,279.98,19.7347
FW30884,1,10/5/2022,Angel Olson,jesse45@jones-barker.com,"Ankle Weights, Pair",2,55.98,3.7371
FW75427,1,12/15/2022,Jeffery Walsh,christopher38@yahoo.com,"Jump Rope, Speed",2,29.98,2.4576
FW87531,1,6/27/2022,Lisa Smith,howellsandra@foster.biz,Treadmill Lubricant,2,24.98,1.5503
FW81209,1,12/10/2022,Sandy Curtis,christopherkelly@gmail.com,Massage Gun,2,279.98,22.4861
FW98285,1,11/4/2022,Paul Estrada,michaelthomas@jackson-montgomery.com,Fitness Tracker Band,3,269.97,21.5518
FW65922,1,10/1/2022,Cameron Nguyen,ireid@gmail.com,Pull-Up Bar,2,69.98,4.2415
FW79283,1,2/13/2022,Timothy Shields,adampatel@hotmail.com,"Yoga Mat, Eco",2,49.98,3.8689
FW70606,1,9/20/2022,Lisa Kelley,jwilliams@james.org,"Exercise Ball, 65cm",2,45.98,3.683
FW68911,1,5/24/2022,Paige Johnston,donaldmurray@yahoo.com,Pilates Ring,3,53.97,4.6978
FW53432,1,5/16/2022,Janet Kelly,mckeedaniel@stafford.biz,"Kettlebell, 20lb",1,49.99,3.5204
FW70450,1,11/22/2022,Jeffrey Hamilton,joshua64@wright.com,"Ankle Weights, Pair",1,27.99,1.9437
FW70588,1,12/23/2022,Ashley Gonzalez,jonathan64@hotmail.com,Smart Weighing Scale,1,59.99,4.9027
FW44096,1,9/3/2022,Thomas Page,brandi70@yahoo.com,Fitness Tracker Band,1,89.99,6.6183
FW45717,1,2/7/2022,Christopher Key,vanessa77@hotmail.com,"Ankle Weights, Pair",2,55.98,4.7272
FW35514,1,3/4/2022,Hunter Campbell,mooreanthony@gmail.com,"Jump Rope, Speed",2,29.98,2.1889
FW79381,1,7/19/2022,Christopher Miller,bmoreno@yahoo.com,Resistance Bands Set,3,119.97,10.2618
FW73228,1,4/18/2022,Jennifer Jackson,kevin16@aguilar.biz,Adjustable Dumbbells,2,259.98,19.3931
FW32845,1,12/16/2022,Matthew Weber,jzimmerman@hotmail.com,Foam Roller,3,59.97,4.7231
FW19070,1,5/19/2022,Joshua Adams,michaelmorrow@bullock.com,Adjustable Dumbbells,3,389.97,27.3014
FW62469,1,12/16/2022,Scott Walker,oballard@gmail.com,Adjustable Bench,3,329.97,22.6008
FW10122,1,8/6/2022,Patrick Lopez,yturner@yahoo.com,Smart Weighing Scale,2,119.98,10.4046
FW32462,1,7/31/2022,Heather Carter,idougherty@hotmail.com,Smart Weighing Scale,1,59.99,4.3757
FW28600,1,9/17/2022,Aaron Bailey,jamessims@gmail.com,Resistance Bands Set,2,79.98,6.0948
FW79474,1,4/19/2022,Michael Zimmerman,martindonna@hotmail.com,Foam Roller,1,19.99,1.3335
FW55960,1,9/15/2022,Ann Hudson,acoleman@hotmail.com,Smart Weighing Scale,1,59.99,5.3863
FW88686,1,2/5/2022,Victoria Gonzalez,kharris@kelley.com,"Yoga Mat, Eco",1,24.99,1.757
FW29165,1,2/28/2022,Belinda Woods,rbarrera@gmail.com,Treadmill Lubricant,1,12.49,0.9535
FW46333,1,4/17/2022,Michael Pruitt,bryanwilliams@yahoo.com,Treadmill Lubricant,1,12.49,0.9127
FW51033,1,6/9/2022,Vanessa Wells,bowenronald@gallegos-ramos.com,Foam Roller,1,19.99,1.4673
FW96550,1,1/11/2022,Alexis Rhodes,matthew33@gmail.com,Treadmill Lubricant,1,12.49,0.7963
FW47203,1,10/21/2022,Dawn Bryant,averylouis@wiley-jones.com,"Exercise Ball, 65cm",2,45.98,3.2715
FW92276,1,6/25/2022,Nancy Barr,amymurphy@morrow.net,Pilates Ring,1,17.99,1.1248
FW75402,1,10/13/2022,Jennifer Torres,ujohnson@rodriguez.net,"Kettlebell, 20lb",2,99.98,7.4064
FW52281,1,4/7/2022,Tyler Scott,ashleymerritt@yahoo.com,Resistance Bands Set,3,119.97,8.8685
FW65926,1,5/31/2022,Corey Schneider,hicksbrenda@simpson-white.com,Adjustable Dumbbells,2,259.98,17.3105
FW33737,1,3/7/2022,Bailey Shepherd,pam49@gmail.com,Foam Roller,1,19.99,1.6816
FW40803,1,2/19/2022,Christina Moore,cristiannichols@thomas-erickson.com,Adjustable Bench,3,329.97,28.6331
FW62147,1,8/8/2022,Debra Clark,jamie29@hotmail.com,Adjustable Bench,3,329.97,27.9583
FW17562,1,9/26/2022,Shaun Fletcher,elizabethochoa@davis.net,Treadmill Lubricant,1,12.49,0.92
FW16252,1,4/5/2022,Jesse Barker,joshuafleming@gmail.com,Fitness Tracker Band,2,179.98,13.886
FW16412,1,1/18/2022,Jeanne James,jimmy13@hotmail.com,Resistance Bands Set,3,119.97,9.4142
FW79822,1,12/22/2022,Stephanie Moore,julie82@hotmail.com,"Ankle Weights, Pair",3,83.97,6.0103
FW55627,1,1/21/2022,Beth Cook,bennettrhonda@hotmail.com,Smart Weighing Scale,2,119.98,9.5631
FW87746,1,1/7/2022,Phillip Torres,matthew45@zamora.com,Smart Weighing Scale,1,59.99,5.349
FW19784,1,10/7/2022,James Evans Jr.,adamssabrina@ross.biz,"Yoga Mat, Eco",3,74.97,6.4863
FW80854,1,9/6/2022,Diane Tucker,aaron64@yahoo.com,Massage Gun,2,279.98,18.3085
FW18880,1,5/23/2022,Michael Thomas,zjones@thomas-smith.info,"Exercise Ball, 65cm",1,22.99,1.5249
FW84460,1,11/5/2022,Dana Bonilla,eric42@yahoo.com,Adjustable Bench,1,109.99,7.9076
FW31864,1,11/6/2022,Joshua Frank,daniel42@gmail.com,"Exercise Ball, 65cm",3,68.97,4.5246
FW25728,1,6/12/2022,Mario Frazier,mejiazachary@gmail.com,Foam Roller,3,59.97,4.0803
FW68723,1,7/8/2022,Brian Reyes,paul75@yahoo.com,Fitness Tracker Band,2,179.98,13.8357
FW47968,1,3/19/2022,Ann Howard,jennifer27@gmail.com,Pull-Up Bar,1,34.99,2.2267
FW99082,1,7/21/2022,Mary Reed,susanthomas@wilson-smith.info,Pilates Ring,2,35.98,2.3754
FW21547,1,3/15/2022,Jay Gardner,zjohnson@hernandez.com,"Ankle Weights, Pair",3,83.97,6.9201
FW88248,1,3/5/2022,Autumn Carrillo,awilliams@gmail.com,Treadmill Lubricant,2,24.98,2.2454
FW38804,1,10/26/2022,John Rios MD,zluna@bates.com,"Exercise Ball, 65cm",3,68.97,6.2043
FW33888,1,7/17/2022,Robin Harris,melissa25@gmail.com,Foam Roller,2,39.98,2.5285
FW84890,1,6/30/2022,William Durham,griffindaniel@mckinney.com,Smart Weighing Scale,1,59.99,5.2054
FW17157,1,3/24/2022,Timothy Reed,mowens@riley.biz,Treadmill Lubricant,2,24.98,1.75
FW52122,1,6/30/2022,Christopher Hall,hjackson@gmail.com,"Kettlebell, 20lb",3,149.97,10.4336
FW35662,1,11/15/2022,Brianna Frederick,jessegraham@vaughan.com,Smart Weighing Scale,3,179.97,11.4172
FW43894,1,6/22/2022,Sydney Poole,larry42@martinez.org,Smart Weighing Scale,2,119.98,9.5809
FW86790,1,12/7/2022,Cody Cruz,vincentdominguez@gmail.com,Adjustable Dumbbells,3,389.97,24.6639
FW72456,1,5/31/2022,Jasmine Gates,james34@patrick.biz,"Kettlebell, 20lb",1,49.99,3.6483
FW34134,1,7/31/2022,Jill Wade,crystalowens@wilson.org,"Exercise Ball, 65cm",1,22.99,1.6387
FW15450,1,8/10/2022,James Miles,zdavis@gmail.com,Adjustable Dumbbells,3,389.97,26.9214
FW93896,1,8/12/2022,Barbara Weaver,gutierrezerika@jimenez.net,Massage Gun,1,139.99,11.2332
FW95176,1,8/20/2022,Elizabeth Perez,boydmichael@hotmail.com,Foam Roller,3,59.97,4.3367
FW56668,1,5/2/2022,Joseph Garcia MD,clarkkelly@carey.com,Adjustable Dumbbells,3,389.97,33.4873
FW66593,1,10/22/2022,Dana Gallagher,torreskevin@gmail.com,Fitness Tracker Band,1,89.99,5.8622
FW75198,1,1/16/2022,Linda Barnett,patrick22@yahoo.com,Pilates Ring,1,17.99,1.3511
FW94587,1,11/20/2022,Lauren Phelps,williamsanthony@costa.com,Fitness Tracker Band,3,269.97,17.4198
FW71857,1,7/16/2022,Amber Kent,rwarren@gmail.com,Treadmill Lubricant,3,37.47,2.7788
FW13094,1,1/18/2022,Lindsey Woods,colemanmatthew@hotmail.com,Smart Weighing Scale,1,59.99,4.4294
FW36064,1,4/26/2022,Peter Hughes,chris21@yahoo.com,Pull-Up Bar,2,69.98,4.595
FW46290,1,6/7/2022,Ryan Mcgee,amy53@gmail.com,Smart Weighing Scale,1,59.99,4.4376
FW29959,1,6/13/2022,Daniel Hudson,wsimmons@yahoo.com,"Ankle Weights, Pair",3,83.97,6.2471
FW13783,1,7/11/2022,Eric Koch,harold77@hotmail.com,Massage Gun,3,419.97,25.4289
FW52783,1,4/7/2022,Madison Steele,sandra76@crosby-taylor.com,Fitness Tracker Band,1,89.99,5.5465
FW52527,1,1/14/2022,Joseph Garner,davisgregory@cole.com,"Jump Rope, Speed",1,14.99,1.2854
FW50096,1,4/7/2022,Shawn Mitchell,amberlong@carpenter-todd.com,"Jump Rope, Speed",3,44.97,3.5352
FW57305,1,2/20/2022,Shannon Bowers,simsanne@bridges.com,"Exercise Ball, 65cm",2,45.98,3.3061
FW57724,1,6/29/2022,Kaitlyn Conway,stanley25@gmail.com,Pilates Ring,1,17.99,1.2722
FW48024,1,6/11/2022,Amy White,robert25@gmail.com,Fitness Tracker Band,1,89.99,7.7865
FW85971,1,1/29/2022,Christine Kramer,edwardsanthony@gmail.com,Adjustable Dumbbells,1,129.99,9.7393
FW10712,1,1/4/2022,James Morrison,cheryl02@davis.com,"Yoga Mat, Eco",2,49.98,3.4642
FW22776,1,7/25/2022,Gordon Lozano,srodriguez@hotmail.com,Pilates Ring,1,17.99,1.5864
FW78368,1,7/18/2022,Tracy Diaz,erik77@gmail.com,Adjustable Bench,3,329.97,19.9752
FW48880,1,8/3/2022,David Soto,susan73@hamilton-lee.com,Foam Roller,3,59.97,4.712
FW28841,1,2/20/2022,Susan Garcia,jeffery13@schmidt.biz,Foam Roller,3,59.97,3.7995
FW50364,1,3/10/2022,Patrick Marks,zmedina@murphy-freeman.org,Adjustable Dumbbells,2,259.98,22.0238
FW76199,1,8/20/2022,John Dougherty,cynthiagomez@yahoo.com,Pull-Up Bar,1,34.99,2.814
FW47806,1,9/29/2022,Aaron Clark,alexis57@gmail.com,Treadmill Lubricant,3,37.47,2.9915
FW67039,1,5/22/2022,Brenda Sanchez,anthony84@medina-davis.biz,Resistance Bands Set,2,79.98,5.8007
FW74511,1,11/23/2022,Xavier Strong,rodriguezjames@hernandez.biz,Massage Gun,3,419.97,36.8361
FW31116,1,5/20/2022,Christy Thornton,savannahford@nguyen-west.com,Foam Roller,1,19.99,1.4172
FW46117,1,3/17/2022,Jennifer Walker,katrinagriffin@gmail.com,Massage Gun,1,139.99,12
FW91051,1,10/12/2022,David Taylor,zwillis@gibbs.com,Pull-Up Bar,3,104.97,7.0618
FW32419,1,10/22/2022,Heather Smith,mhayes@hotmail.com,"Exercise Ball, 65cm",2,45.98,3.3424
FW45587,1,1/11/2022,John Ochoa,kyle10@roberts.com,Pilates Ring,3,53.97,3.2721
FW18233,1,9/24/2022,Amy Lamb,rcarpenter@hotmail.com,Resistance Bands Set,2,79.98,6.3713
FW37960,1,1/8/2022,Nathaniel Potter,john72@yahoo.com,Resistance Bands Set,1,39.99,3.0269
FW85219,1,5/24/2022,Casey Dixon,baileyryan@frank.com,"Exercise Ball, 65cm",3,68.97,5.5054
FW36543,1,7/10/2022,Jeremy Martin,rfrost@watson.com,Pull-Up Bar,3,104.97,6.3284
FW49065,1,3/14/2022,Tyler Alvarez,taylorbrendan@waters-prince.net,Foam Roller,3,59.97,4.9012
FW63658,1,5/21/2022,Stephen Hicks,nicolehughes@jones.info,"Ankle Weights, Pair",2,55.98,4.6765
FW39324,1,7/13/2022,Abigail Macdonald,qcook@williams-crawford.org,"Yoga Mat, Eco",1,24.99,2.142
FW34536,1,5/19/2022,Angela Robertson,rasmussenerin@bauer-liu.com,Resistance Bands Set,3,119.97,8.742
FW93811,1,7/23/2022,William Newton,elijahadams@contreras-scott.org,"Exercise Ball, 65cm",1,22.99,1.5331
FW34960,1,4/21/2022,Justin Cruz,karenharris@yahoo.com,"Exercise Ball, 65cm",3,68.97,5.6849
FW50774,1,6/15/2022,Kaitlyn Miller,payala@collins-wilson.biz,Treadmill Lubricant,3,37.47,3.3358
FW80221,1,5/6/2022,Leah Rivera,davidgarza@craig-cole.net,Foam Roller,1,19.99,1.4575
FW29211,1,12/24/2022,Brian Faulkner,devonserrano@brown.com,"Kettlebell, 20lb",1,49.99,3.1223
FW83000,1,4/10/2022,Eugene Cruz,kyle18@gmail.com,"Ankle Weights, Pair",1,27.99,1.8903
FW84280,1,4/6/2022,Katie Collins,kim28@hotmail.com,"Yoga Mat, Eco",2,49.98,3.4619
FW11091,1,2/12/2022,Erika Calhoun,ashley96@rojas.com,Adjustable Bench,3,329.97,21.3751
FW29238,1,8/27/2022,Larry Washington,timothy03@williams-gutierrez.com,"Exercise Ball, 65cm",1,22.99,1.9484
FW34434,1,9/20/2022,Lucas Flores,stacy74@baker.com,Treadmill Lubricant,2,24.98,2.2145
FW48584,1,12/11/2022,James Davies,ricedanielle@yahoo.com,Foam Roller,3,59.97,4.3795
FW14441,1,11/27/2022,Joshua Williams DDS,shieldsjody@yahoo.com,"Yoga Mat, Eco",1,24.99,1.6621
FW38118,1,10/13/2022,Heather West,diazjames@gmail.com,Adjustable Dumbbells,1,129.99,8.8075
FW44902,1,3/5/2022,Dr. Lisa Warner,edwardwilliams@gmail.com,Adjustable Dumbbells,3,389.97,30.3128
FW99113,1,4/1/2022,Stephanie Burns,wallskelsey@henderson.info,"Yoga Mat, Eco",3,74.97,5.4263
FW82472,1,1/25/2022,Zachary Barr,wrightdouglas@barry.com,Treadmill Lubricant,1,12.49,1.0289
FW58833,1,2/9/2022,Tiffany Miller,maureen93@hanson.com,Fitness Tracker Band,2,179.98,11.3174
FW92158,1,1/7/2022,Richard Robles,dwright@williams-watson.com,"Jump Rope, Speed",1,14.99,1.121
FW11143,1,10/16/2022,Joseph Nguyen,rebeccamorgan@yahoo.com,Adjustable Dumbbells,3,389.97,32.0728
FW97859,1,8/17/2022,Mr. Gary Johnson,patrickwilliams@gmail.com,"Kettlebell, 20lb",3,149.97,9.0645
FW94972,1,8/10/2022,Jeffrey Gonzalez,karenanderson@hotmail.com,Fitness Tracker Band,2,179.98,13.491
FW57903,1,7/4/2022,Mrs. Kristin Guzman,janicebennett@glover.com,Smart Weighing Scale,3,179.97,12.8112
FW33141,1,1/13/2022,Rebecca Jones,jeremy42@gmail.com,Treadmill Lubricant,2,24.98,1.9394
FW45854,1,3/25/2022,Jordan Moore,davidsoneric@jackson.com,Smart Weighing Scale,2,119.98,8.1899
FW23577,1,12/8/2022,Whitney Ruiz,suzannepowell@yahoo.com,Fitness Tracker Band,2,179.98,11.696
FW86214,1,5/16/2022,Emily Robertson,gatesdominic@roberson.com,Fitness Tracker Band,1,89.99,6.6531
FW32996,1,3/27/2022,Douglas Farley,greenangela@gmail.com,Massage Gun,2,279.98,24.1563
FW72775,1,5/12/2022,Edward Collins,thaynes@weaver.com,"Exercise Ball, 65cm",1,22.99,1.3819
FW20471,1,2/22/2022,Cassidy Jackson PhD,jennydoyle@gmail.com,Adjustable Bench,2,219.98,14.661
FW60213,1,9/17/2022,Brooke James,kerryfritz@jarvis.com,Fitness Tracker Band,1,89.99,7.3763
FW89690,1,4/28/2022,Crystal Sanchez,daviskarina@hotmail.com,Resistance Bands Set,2,79.98,4.8644
FW77977,1,4/20/2022,Amanda Hayes,wrightjohn@gmail.com,"Yoga Mat, Eco",2,49.98,3.3843
FW48649,1,7/2/2022,Pamela Nelson,ebony45@yahoo.com,"Yoga Mat, Eco",1,24.99,2.2124
FW39467,1,3/11/2022,Karen Fletcher,bennettrebecca@gmail.com,Resistance Bands Set,1,39.99,2.6348
FW16855,1,11/30/2022,Ashley Taylor,angela83@yahoo.com,Massage Gun,1,139.99,11.3151
FW18304,1,10/31/2022,Samantha Thompson,nsanchez@hotmail.com,"Exercise Ball, 65cm",3,68.97,5.2506
FW28053,1,4/11/2022,Jessica Roberson,brad93@yahoo.com,Treadmill Lubricant,2,24.98,1.9281
FW53041,1,3/14/2022,Rebecca Cox,warrentammy@joseph-johnson.net,Adjustable Dumbbells,2,259.98,19.1308
FW62606,1,7/9/2022,Tammy Moore,flowerslisa@gallegos-harris.com,Pull-Up Bar,3,104.97,7.2301
FW33174,1,6/11/2022,Aaron Mullins,gonzalezshari@scott-davis.net,"Kettlebell, 20lb",1,49.99,3.4943
FW54652,1,4/26/2022,Gary Padilla,aliciahernandez@gmail.com,"Jump Rope, Speed",2,29.98,2.4695
FW70708,1,12/20/2022,Melissa Lynn,archerrachel@pitts.info,Treadmill Lubricant,3,37.47,3.3153
FW47463,1,3/2/2022,Kelly Ramos,williamssara@hotmail.com,Smart Weighing Scale,3,179.97,12.0736
FW90869,1,9/22/2022,Brittany Hall,michael85@gmail.com,Fitness Tracker Band,3,269.97,17.1626
FW90311,1,5/14/2022,Mr. Kenneth Davis,smithmatthew@yahoo.com,Smart Weighing Scale,3,179.97,11.5935
FW75118,1,9/16/2022,Samantha Garcia,mnguyen@gmail.com,"Yoga Mat, Eco",1,24.99,1.8543
FW81290,1,10/30/2022,Austin Carrillo,bsmith@clark-beard.com,Treadmill Lubricant,1,12.49,0.7945
FW57684,1,11/14/2022,Robert Mccoy,johnsonmichael@yahoo.com,Massage Gun,3,419.97,26.6111
FW30496,1,8/21/2022,Paul Horn,keithdavis@gmail.com,Treadmill Lubricant,3,37.47,2.4032
FW68768,1,6/15/2022,Jenna Chan,bgonzales@kaiser.com,Fitness Tracker Band,2,179.98,10.8393
FW53583,1,3/26/2022,Jonathan Harrington,morashirley@torres-evans.com,Treadmill Lubricant,1,12.49,0.8578
FW53758,1,10/28/2022,Amanda Lee,irobertson@yahoo.com,Pilates Ring,3,53.97,4.4305
FW22940,1,1/13/2022,Brian Smith,russelllinda@atkins.net,Resistance Bands Set,1,39.99,3.2907
FW20256,1,7/26/2022,Lisa Martinez,popedavid@fields.com,Treadmill Lubricant,3,37.47,2.7059
FW71211,1,4/20/2022,Jason Mayer,myerslaura@carter.com,Treadmill Lubricant,2,24.98,1.7687
FW18677,1,6/7/2022,Shannon Strickland,djones@tapia-cruz.com,Adjustable Dumbbells,2,259.98,20.1845
FW16373,1,2/25/2022,Ann Huffman,imiller@hotmail.com,Adjustable Dumbbells,3,389.97,34.1299
FW75946,1,3/4/2022,Marcus Murphy,gnelson@cruz.com,Adjustable Bench,3,329.97,25.5265
FW93332,1,10/10/2022,Daniel Rodriguez,michaelmathews@hotmail.com,"Ankle Weights, Pair",1,27.99,2.1962
FW76118,1,3/13/2022,Mark Hendricks,ramosanne@hotmail.com,"Kettlebell, 20lb",2,99.98,6.9583
FW70141,1,5/31/2022,Amy Miller,bradfordlisa@yahoo.com,"Jump Rope, Speed",2,29.98,2.4578
FW62976,1,1/17/2022,Mr. Aaron Hendrix,garciabrenda@hunter.com,Treadmill Lubricant,2,24.98,2.0278
FW46029,1,9/7/2022,Dr. Javier James,autumnmichael@little.com,Pilates Ring,1,17.99,1.4202
FW48242,1,3/9/2022,Dwayne Swanson,walkernatalie@hunter.com,Foam Roller,1,19.99,1.5435
FW25327,1,12/7/2022,Nicole Roberts,ryan95@rogers.com,Adjustable Bench,2,219.98,16.3899
FW31171,1,11/24/2022,Robin Gibson,jennifer64@hotmail.com,Fitness Tracker Band,1,89.99,7.0622
FW65633,1,7/14/2022,Dana Morales,alexander90@beck-rodriguez.biz,Fitness Tracker Band,3,269.97,21.8554
FW33594,1,10/28/2022,Meghan Wong,adamcole@hotmail.com,"Jump Rope, Speed",2,29.98,2.429
FW16091,1,11/11/2022,Aaron Young,jameshernandez@blackwell-tapia.com,Pilates Ring,2,35.98,2.3834
FW92721,1,1/11/2022,Michelle Scott MD,barbara10@yahoo.com,Treadmill Lubricant,3,37.47,2.3403
FW13201,1,6/4/2022,Kelly Rice,elarsen@smith.com,Foam Roller,1,19.99,1.2554
FW55794,1,11/23/2022,Brian Smith,jill36@bradshaw-mitchell.info,"Yoga Mat, Eco",2,49.98,3.479
FW85476,1,9/26/2022,Jill Rush,rebecca82@sherman.com,Fitness Tracker Band,2,179.98,13.7567
FW34988,1,7/1/2022,Charles Lucas,ygreen@hotmail.com,Massage Gun,3,419.97,35.5121
FW25680,1,11/13/2022,Scott Franklin,lawsonjennifer@williams-perez.info,Pilates Ring,2,35.98,2.4277
FW73101,1,2/28/2022,Ashley Hoover,pmann@reed.org,Treadmill Lubricant,2,24.98,1.8405
FW45523,1,12/25/2022,April Hernandez,emilyalvarez@hawkins-fowler.info,Pilates Ring,3,53.97,3.3595
FW22258,1,5/4/2022,Jimmy Meyer,spencerkristi@gmail.com,Adjustable Bench,3,329.97,25.0911
FW55549,1,11/2/2022,James Young,xmorris@berry.biz,"Kettlebell, 20lb",2,99.98,7.9536
FW58379,1,1/29/2022,Brandy Rogers,amanda22@yahoo.com,Pull-Up Bar,1,34.99,3.0932
FW13174,1,6/25/2022,Alexandra Harvey,cabrerajenny@hotmail.com,"Ankle Weights, Pair",3,83.97,7.3402
FW55868,1,1/3/2022,Frank Thompson,michellepeters@moody.com,Resistance Bands Set,3,119.97,9.2816
FW24619,1,6/6/2022,Billy Huffman,michellemitchell@rodriguez.com,Foam Roller,1,19.99,1.6258
FW52368,1,7/19/2022,Nicholas Griffin,flowersheather@rodgers.com,Resistance Bands Set,1,39.99,3.5116
FW48648,1,6/17/2022,Jerry Garner,sweiss@sanchez.biz,Pilates Ring,3,53.97,4.1162
FW51115,1,10/13/2022,Ivan Branch PhD,sabrinarivers@gmail.com,Smart Weighing Scale,2,119.98,9.6648
FW47814,1,12/17/2022,Joanna Dougherty,hsanchez@gmail.com,Pull-Up Bar,1,34.99,3.0219
FW57770,1,11/5/2022,Kaitlyn Bradford,xgallegos@gmail.com,Fitness Tracker Band,1,89.99,7.4318
FW21094,1,7/18/2022,Richard Williams,vwashington@yahoo.com,Pull-Up Bar,3,104.97,6.9906
FW56375,1,2/15/2022,Jared Clayton,steven18@yahoo.com,"Yoga Mat, Eco",3,74.97,5.2598
FW56536,1,8/1/2022,Anthony Howard,acevedoallen@gmail.com,Adjustable Bench,2,219.98,17.5667
FW70067,1,4/8/2022,Kevin Sheppard,vhoffman@gutierrez.info,"Kettlebell, 20lb",2,99.98,6.4457
FW84850,1,3/31/2022,Kelsey Harrison,sanfordjerry@yahoo.com,"Exercise Ball, 65cm",2,45.98,4.0611
FW69361,1,3/29/2022,Christina Gaines,chapmanrachael@gmail.com,Foam Roller,2,39.98,2.6442
FW14481,1,1/18/2022,Jonathan Lucas,jmccall@duran.com,"Ankle Weights, Pair",1,27.99,1.8779
FW43564,1,11/23/2022,Bryan Bolton,bclay@kramer.info,"Kettlebell, 20lb",1,49.99,3.5982
FW60608,1,4/15/2022,Emma Cross,joseph56@yahoo.com,Pilates Ring,3,53.97,4.5201
FW10712,1,1/22/2022,Angela Townsend,jacobbarnett@gmail.com,"Kettlebell, 20lb",3,149.97,9.6943
FW36286,1,4/16/2022,Dana Shepherd,qreyes@smith.com,Adjustable Dumbbells,2,259.98,15.8526
FW90119,1,5/24/2022,Zachary Lee,danielsseth@gmail.com,"Jump Rope, Speed",1,14.99,0.9111
FW46959,1,9/30/2022,Donald Villa,tracyarcher@warren.com,Treadmill Lubricant,1,12.49,0.9929
FW80169,1,1/21/2022,Danielle Martinez,michelle26@gmail.com,"Yoga Mat, Eco",2,49.98,4.025
FW56018,1,6/20/2022,Jeffrey Weber,vkelly@yahoo.com,"Jump Rope, Speed",2,29.98,2.4519
FW96712,1,7/9/2022,David Foster,oguerrero@hotmail.com,"Exercise Ball, 65cm",3,68.97,4.6189
FW85694,1,8/30/2022,Tiffany Price,murrayvictoria@hooper.com,"Ankle Weights, Pair",1,27.99,2.1938
FW62844,1,10/3/2022,Marissa Wall,sheppardcarrie@yahoo.com,"Jump Rope, Speed",2,29.98,2.1727
FW63082,1,10/30/2022,Rebecca Horton,washingtongregory@nelson.biz,Adjustable Dumbbells,3,389.97,25.5041
FW71799,1,6/6/2022,Tanya Tucker,justingarcia@mcconnell-harris.com,Treadmill Lubricant,2,24.98,1.4998
FW31239,1,10/8/2022,Teresa Solomon,humphreyronald@hotmail.com,Treadmill Lubricant,3,37.47,3.206
FW65297,1,4/9/2022,Andrew Short,taylorjamie@garcia.info,Foam Roller,2,39.98,3.511
FW36554,1,2/5/2022,Melissa Garcia,murphyheather@gilmore.biz,Adjustable Bench,3,329.97,29.5248
FW57992,1,8/1/2022,Kristina Huerta,daniel67@rojas.org,"Jump Rope, Speed",1,14.99,1.1258
FW46539,1,5/23/2022,Eric Jones,bspencer@hotmail.com,Treadmill Lubricant,3,37.47,2.3966
FW72574,1,7/5/2022,Timothy Daniels,robert32@gmail.com,"Ankle Weights, Pair",3,83.97,5.1874
FW80242,1,1/2/2022,Breanna Webb,jodyandersen@long-allen.com,Smart Weighing Scale,2,119.98,10.3191
FW85600,1,12/21/2022,Daniel Henderson,hwalker@bell-miller.com,"Ankle Weights, Pair",3,83.97,5.9967
FW49992,1,7/19/2022,Casey Russell,gorr@hotmail.com,Fitness Tracker Band,2,179.98,11.5173
FW70283,1,4/17/2022,Jessica Pena,wilsonsandra@robertson-robinson.org,Pilates Ring,3,53.97,3.3903
FW54356,1,5/6/2022,Rachel Duncan,hgonzalez@roberts.com,Smart Weighing Scale,2,119.98,8.6492
FW20575,1,2/1/2022,Justin Stevens,gabrielladunlap@miller-campbell.com,Fitness Tracker Band,1,89.99,5.5446
FW36201,1,12/16/2022,Melissa Anthony,benjaminschroeder@gmail.com,Pilates Ring,1,17.99,1.2112
FW13336,1,10/10/2022,Thomas Cook,ocohen@ward-ramirez.com,Foam Roller,3,59.97,3.7623
FW67042,1,3/3/2022,Carolyn Berger,sherry22@levy-bennett.com,"Kettlebell, 20lb",3,149.97,10.3688
FW11593,1,8/2/2022,Scott Tran,hodgesmark@yahoo.com,"Jump Rope, Speed",1,14.99,1.3396
FW14168,1,5/11/2022,Steven Sanders,megan07@gonzalez.com,Pilates Ring,3,53.97,3.9399
FW74696,1,1/31/2022,Timothy Avila,hoopersarah@mullins.com,Pilates Ring,2,35.98,2.7719
FW14946,1,6/23/2022,Brooke Jennings,zjackson@jones.com,"Kettlebell, 20lb",2,99.98,6.7547
FW53042,1,6/12/2022,Jason Quinn,sherry86@bryant.com,"Jump Rope, Speed",1,14.99,1.122
FW76581,1,5/30/2022,Andrea Francis,fflores@vasquez-armstrong.com,"Exercise Ball, 65cm",2,45.98,3.1799
FW21712,1,12/27/2022,Jamie Peterson,haynesmichael@werner.biz,Massage Gun,3,419.97,33.7534
FW18734,1,7/1/2022,Charles Dominguez,floressabrina@sims-brown.com,Resistance Bands Set,2,79.98,5.3885
FW89878,1,12/12/2022,Robert Wright,lisapatterson@baker.com,Adjustable Dumbbells,2,259.98,20.426
FW31849,1,5/31/2022,Julia Wood,lindsay23@hotmail.com,Massage Gun,3,419.97,37.305
FW38201,1,5/10/2022,Nicholas Gill,saunderslisa@costa.com,Foam Roller,2,39.98,2.9027
FW63931,1,1/13/2022,Brett Burke,christopher60@barr-gomez.com,Massage Gun,3,419.97,29.8972
FW46298,1,10/8/2022,Daniel Taylor,oschneider@martinez.com,"Yoga Mat, Eco",2,49.98,3.2928
FW80486,1,9/16/2022,Cameron Brown,brian25@hayes.info,"Kettlebell, 20lb",2,99.98,6.0989
FW67259,1,8/9/2022,Sheryl Page,kharper@hotmail.com,Resistance Bands Set,2,79.98,6.5449
FW73501,1,11/28/2022,Holly Ruiz,diazcarl@downs.com,Pull-Up Bar,3,104.97,9.3045
FW69269,1,1/9/2022,Tina Carrillo,lweber@yahoo.com,"Jump Rope, Speed",2,29.98,1.816
FW69867,1,3/10/2022,Sarah Cardenas,lewiselizabeth@hotmail.com,"Exercise Ball, 65cm",1,22.99,1.712
FW84743,1,12/20/2022,Barbara White,melodykelly@terry.biz,Smart Weighing Scale,2,119.98,7.6289
FW54265,1,10/3/2022,Victoria Jordan,julie05@morales.net,Adjustable Dumbbells,3,389.97,31.9961
FW36775,1,12/3/2022,John Johns,lindseybutler@hotmail.com,Pilates Ring,2,35.98,3.0121
FW52091,1,8/28/2022,Jasmine Black,brandonproctor@ward.com,Resistance Bands Set,1,39.99,3.2041
FW42122,1,10/7/2022,Joshua Alexander,rgarcia@erickson-mclaughlin.com,"Jump Rope, Speed",3,44.97,3.643
FW22846,1,1/6/2022,Paul Shaw,amanda54@page.biz,"Kettlebell, 20lb",3,149.97,9.2652
FW31921,1,12/2/2022,John Ray,shane30@yahoo.com,Massage Gun,1,139.99,10.8487
FW75812,1,5/23/2022,Mary Waters,dhughes@yahoo.com,"Ankle Weights, Pair",3,83.97,6.4198
FW30661,1,9/11/2022,Aaron Montgomery,oscott@ballard.info,"Jump Rope, Speed",2,29.98,2.1833
FW80586,1,10/29/2022,Andrew Wood,umiller@hotmail.com,Pilates Ring,1,17.99,1.4352
FW12524,1,8/19/2022,Sheryl Church,russellbennett@park.com,Pull-Up Bar,2,69.98,4.9415
FW78270,1,12/29/2022,Aaron Phillips,derrick14@yahoo.com,Fitness Tracker Band,1,89.99,5.8516
FW21209,1,4/5/2022,Kelly Robinson,thomas58@gmail.com,Foam Roller,3,59.97,4.9135
FW23097,1,10/17/2022,Miguel Underwood,vle@gmail.com,Adjustable Dumbbells,3,389.97,34.7119
FW32724,1,4/21/2022,Steven Evans,krystalroberts@spencer-rogers.com,Massage Gun,2,279.98,21.2115
FW44112,1,12/2/2022,Melissa Holden,amy73@moore.com,"Kettlebell, 20lb",1,49.99,3.4654
FW17923,1,1/12/2022,Mason Peterson,gchoi@williams.info,Foam Roller,1,19.99,1.6187
FW60322,1,11/12/2022,Megan Butler,kimberly95@hotmail.com,"Kettlebell, 20lb",1,49.99,3.9683
FW67710,1,12/14/2022,Shawn Daniel,tiffanysummers@hotmail.com,"Yoga Mat, Eco",2,49.98,3.149
FW34632,1,11/25/2022,Anthony Koch,jonathan38@yahoo.com,"Ankle Weights, Pair",1,27.99,2.2358
FW13467,1,7/13/2022,Carol Johnson,edward65@wilkins.net,"Kettlebell, 20lb",2,99.98,7.696
FW23923,1,8/5/2022,Alexander Johnson,bmcguire@hotmail.com,Foam Roller,1,19.99,1.4063
FW33641,1,12/15/2022,Rebecca Browning,proberts@flores.com,"Yoga Mat, Eco",3,74.97,5.5535
FW33593,1,10/5/2022,Amber Fuller,audreythomas@arias-owens.net,"Kettlebell, 20lb",1,49.99,3.5986
FW61850,1,2/16/2022,Jacob Ruiz,christina63@hotmail.com,Foam Roller,1,19.99,1.3629
FW64136,1,6/16/2022,Daniel Tran,bakercatherine@gmail.com,"Jump Rope, Speed",1,14.99,1.065
FW49213,1,3/30/2022,Amber Hill,hojonathan@hotmail.com,"Ankle Weights, Pair",2,55.98,4.8164
FW21062,1,10/10/2022,Anthony Hudson,chungdennis@gmail.com,Massage Gun,1,139.99,11.4466
FW34027,1,3/30/2022,Maria Alvarez,porterzachary@gmail.com,Treadmill Lubricant,1,12.49,0.7888
FW68578,1,2/14/2022,Joshua Erickson,luissherman@gmail.com,Resistance Bands Set,2,79.98,5.8989
FW91406,1,10/3/2022,Andrew Knight,orobinson@gmail.com,Resistance Bands Set,2,79.98,6.0063
FW63154,1,5/19/2022,Danny Sullivan,nancyweaver@mccormick.com,Foam Roller,2,39.98,3.2919
FW87818,1,4/23/2022,Nicholas Watkins,sean26@hotmail.com,Smart Weighing Scale,2,119.98,7.4126
FW30433,1,9/6/2022,Amber Powers,cjacobs@hotmail.com,Smart Weighing Scale,1,59.99,4.795
FW80312,1,5/20/2022,Rodney Pacheco,stevenswillie@yahoo.com,Resistance Bands Set,3,119.97,7.9702
FW44291,1,10/29/2022,Olivia Zamora,erica46@gmail.com,Adjustable Dumbbells,2,259.98,19.7605
FW29900,1,1/20/2022,Jocelyn Myers,michael34@ruiz.com,Treadmill Lubricant,3,37.47,3.2102
FW98952,1,3/30/2022,Paul Wiggins,scottraymond@johnson.net,"Ankle Weights, Pair",1,27.99,2.4363
FW45539,1,4/4/2022,Shane Mcdonald,sarah45@yahoo.com,Adjustable Bench,1,109.99,6.6639
FW31707,1,11/25/2022,Annette Hill DVM,jasonbarber@ray.com,Pull-Up Bar,3,104.97,6.7716
FW38973,1,6/17/2022,Mark Vaughan,madison79@townsend.org,Treadmill Lubricant,1,12.49,1.0592
FW62059,1,12/14/2022,Gary Morales,drodriguez@yahoo.com,"Jump Rope, Speed",2,29.98,2.3224
